Workbook
Name SpotFolder: 'Live Data'!$C$5

Sheet Cluster Summary
B1: Digital Health Systems & Electronic Reporting Coverage, Data Systems
B2: Reporting period | D2: 46266
B3: Upload month counted (YYYY-MM) | D3: 2026-10
B5: Expected Sites | D5: C&T | F5: HTS | H5: MNCH | J5: PrEP | L5: Overall | N5: FAA M22 tier
B6: =C31 -> 208 | D6: =E31 -> 1 | F6: =H31 -> 0.92788462 | H6: =K31 -> 0.86057692 | J6: =N31 -> 0.78846154 | L6: =P31 -> 0.89423077 | N6: ='FAA Milestone Link'!C40 -> 1
N8: ="("&'FAA Milestone Link'!C28&" rate "&TEXT('FAA Milestone Link'!C38,"0.0%")&")" -> (C&T rate 100.0%)
B9: Cluster / County | C9: Expected Sites (C&T) | D9: Care & Treatment | G9: HTS | J9: MNCH | M9: PrEP | P9: Overall % (all 4 dockets)
D10: Uploaded | E10: % Uploaded | F10: Pending | G10: Uploaded | H10: % Uploaded | I10: Pending | J10: Uploaded | K10: % Uploaded | L10: Pending | M10: Uploaded | N10: % Uploaded | O10: Pending
B11: Cluster 1 | C11: =C12+C13 -> 65 | D11: =D12+D13 -> 65 | E11: =IF(C11=0,0,D11/C11) -> 1 | F11: =MAX(C11-D11,0) -> 0 | G11: =G12+G13 -> 57 | H11: =IF(C11=0,0,G11/C11) -> 0.87692308 | I11: =MAX(C11-G11,0) -> 8 | J11: =J12+J13 -> 55 | K11: =IF(C11=0,0,J11/C11) -> 0.84615385 | L11: =MAX(C11-J11,0) -> 10 | M11: =M12+M13 -> 38 | N11: =IF(C11=0,0,M11/C11) -> 0.58461538 | O11: =MAX(C11-M11,0) -> 27 | P11: =IF(C11=0,0,(D11+G11+J11+M11)/(C11*4)) -> 0.82692308
B12: Meru | C12: =SUMIFS(Data!$P$2:$P$2500,Data!$N$2:$N$2500,"Cluster 1",Data!$M$2:$M$2500,"MERU") -> 64 | D12: =SUMIFS(Data!$O$2:$O$2500,Data!$F$2:$F$2500,"C&T",Data!$N$2:$N$2500,"Cluster 1",Data!$M$2:$M$2500,"MERU",Data!$L$2:$L$2500,$D$3) -> 64 | E12: =IF(C12=0,0,D12/C12) -> 1 | F12: =MAX(C12-D12,0) -> 0 | G12: =SUMIFS(Data!$O$2:$O$2500,Data!$F$2:$F$2500,"HTS",Data!$N$2:$N$2500,"Cluster 1",Data!$M$2:$M$2500,"MERU",Data!$L$2:$L$2500,$D$3) -> 56 | H12: =IF(C12=0,0,G12/C12) -> 0.875 | I12: =MAX(C12-G12,0) -> 8 | J12: =SUMIFS(Data!$O$2:$O$2500,Data!$F$2:$F$2500,"MNCH",Data!$N$2:$N$2500,"Cluster 1",Data!$M$2:$M$2500,"MERU",Data!$L$2:$L$2500,$D$3) -> 54 | K12: =IF(C12=0,0,J12/C12) -> 0.84375 | L12: =MAX(C12-J12,0) -> 10 | M12: =SUMIFS(Data!$O$2:$O$2500,Data!$F$2:$F$2500,"PREP",Data!$N$2:$N$2500,"Cluster 1",Data!$M$2:$M$2500,"MERU",Data!$L$2:$L$2500,$D$3) -> 37 | N12: =IF(C12=0,0,M12/C12) -> 0.578125 | O12: =MAX(C12-M12,0) -> 27 | P12: =IF(C12=0,0,(D12+G12+J12+M12)/(C12*4)) -> 0.82421875
B13: Laikipia | C13: =SUMIFS(Data!$P$2:$P$2500,Data!$N$2:$N$2500,"Cluster 1",Data!$M$2:$M$2500,"LAIKIPIA") -> 1 | D13: =SUMIFS(Data!$O$2:$O$2500,Data!$F$2:$F$2500,"C&T",Data!$N$2:$N$2500,"Cluster 1",Data!$M$2:$M$2500,"LAIKIPIA",Data!$L$2:$L$2500,$D$3) -> 1 | E13: =IF(C13=0,0,D13/C13) -> 1 | F13: =MAX(C13-D13,0) -> 0 | G13: =SUMIFS(Data!$O$2:$O$2500,Data!$F$2:$F$2500,"HTS",Data!$N$2:$N$2500,"Cluster 1",Data!$M$2:$M$2500,"LAIKIPIA",Data!$L$2:$L$2500,$D$3) -> 1 | H13: =IF(C13=0,0,G13/C13) -> 1 | I13: =MAX(C13-G13,0) -> 0 | J13: =SUMIFS(Data!$O$2:$O$2500,Data!$F$2:$F$2500,"MNCH",Data!$N$2:$N$2500,"Cluster 1",Data!$M$2:$M$2500,"LAIKIPIA",Data!$L$2:$L$2500,$D$3) -> 1 | K13: =IF(C13=0,0,J13/C13) -> 1 | L13: =MAX(C13-J13,0) -> 0 | M13: =SUMIFS(Data!$O$2:$O$2500,Data!$F$2:$F$2500,"PREP",Data!$N$2:$N$2500,"Cluster 1",Data!$M$2:$M$2500,"LAIKIPIA",Data!$L$2:$L$2500,$D$3) -> 1 | N13: =IF(C13=0,0,M13/C13) -> 1 | O13: =MAX(C13-M13,0) -> 0 | P13: =IF(C13=0,0,(D13+G13+J13+M13)/(C13*4)) -> 1
B14: Cluster 2 | C14: =C15+C16+C17+C18 -> 64 | D14: =D15+D16+D17+D18 -> 64 | E14: =IF(C14=0,0,D14/C14) -> 1 | F14: =MAX(C14-D14,0) -> 0 | G14: =G15+G16+G17+G18 -> 60 | H14: =IF(C14=0,0,G14/C14) -> 0.9375 | I14: =MAX(C14-G14,0) -> 4 | J14: =J15+J16+J17+J18 -> 53 | K14: =IF(C14=0,0,J14/C14) -> 0.828125 | L14: =MAX(C14-J14,0) -> 11 | M14: =M15+M16+M17+M18 -> 51 | N14: =IF(C14=0,0,M14/C14) -> 0.796875 | O14: =MAX(C14-M14,0) -> 13 | P14: =IF(C14=0,0,(D14+G14+J14+M14)/(C14*4)) -> 0.890625
B15: Embu | C15: =SUMIFS(Data!$P$2:$P$2500,Data!$N$2:$N$2500,"Cluster 2",Data!$M$2:$M$2500,"EMBU") -> 35 | D15: =SUMIFS(Data!$O$2:$O$2500,Data!$F$2:$F$2500,"C&T",Data!$N$2:$N$2500,"Cluster 2",Data!$M$2:$M$2500,"EMBU",Data!$L$2:$L$2500,$D$3) -> 35 | E15: =IF(C15=0,0,D15/C15) -> 1 | F15: =MAX(C15-D15,0) -> 0 | G15: =SUMIFS(Data!$O$2:$O$2500,Data!$F$2:$F$2500,"HTS",Data!$N$2:$N$2500,"Cluster 2",Data!$M$2:$M$2500,"EMBU",Data!$L$2:$L$2500,$D$3) -> 32 | H15: =IF(C15=0,0,G15/C15) -> 0.91428571 | I15: =MAX(C15-G15,0) -> 3 | J15: =SUMIFS(Data!$O$2:$O$2500,Data!$F$2:$F$2500,"MNCH",Data!$N$2:$N$2500,"Cluster 2",Data!$M$2:$M$2500,"EMBU",Data!$L$2:$L$2500,$D$3) -> 26 | K15: =IF(C15=0,0,J15/C15) -> 0.74285714 | L15: =MAX(C15-J15,0) -> 9 | M15: =SUMIFS(Data!$O$2:$O$2500,Data!$F$2:$F$2500,"PREP",Data!$N$2:$N$2500,"Cluster 2",Data!$M$2:$M$2500,"EMBU",Data!$L$2:$L$2500,$D$3) -> 26 | N15: =IF(C15=0,0,M15/C15) -> 0.74285714 | O15: =MAX(C15-M15,0) -> 9 | P15: =IF(C15=0,0,(D15+G15+J15+M15)/(C15*4)) -> 0.85
B16: Tharaka-Nithi | C16: =SUMIFS(Data!$P$2:$P$2500,Data!$N$2:$N$2500,"Cluster 2",Data!$M$2:$M$2500,"THARAKA-NITHI") -> 23 | D16: =SUMIFS(Data!$O$2:$O$2500,Data!$F$2:$F$2500,"C&T",Data!$N$2:$N$2500,"Cluster 2",Data!$M$2:$M$2500,"THARAKA-NITHI",Data!$L$2:$L$2500,$D$3) -> 23 | E16: =IF(C16=0,0,D16/C16) -> 1 | F16: =MAX(C16-D16,0) -> 0 | G16: =SUMIFS(Data!$O$2:$O$2500,Data!$F$2:$F$2500,"HTS",Data!$N$2:$N$2500,"Cluster 2",Data!$M$2:$M$2500,"THARAKA-NITHI",Data!$L$2:$L$2500,$D$3) -> 22 | H16: =IF(C16=0,0,G16/C16) -> 0.95652174 | I16: =MAX(C16-G16,0) -> 1 | J16: =SUMIFS(Data!$O$2:$O$2500,Data!$F$2:$F$2500,"MNCH",Data!$N$2:$N$2500,"Cluster 2",Data!$M$2:$M$2500,"THARAKA-NITHI",Data!$L$2:$L$2500,$D$3) -> 21 | K16: =IF(C16=0,0,J16/C16) -> 0.91304348 | L16: =MAX(C16-J16,0) -> 2 | M16: =SUMIFS(Data!$O$2:$O$2500,Data!$F$2:$F$2500,"PREP",Data!$N$2:$N$2500,"Cluster 2",Data!$M$2:$M$2500,"THARAKA-NITHI",Data!$L$2:$L$2500,$D$3) -> 19 | N16: =IF(C16=0,0,M16/C16) -> 0.82608696 | O16: =MAX(C16-M16,0) -> 4 | P16: =IF(C16=0,0,(D16+G16+J16+M16)/(C16*4)) -> 0.92391304
B17: Kirinyaga | C17: =SUMIFS(Data!$P$2:$P$2500,Data!$N$2:$N$2500,"Cluster 2",Data!$M$2:$M$2500,"KIRINYAGA") -> 4 | D17: =SUMIFS(Data!$O$2:$O$2500,Data!$F$2:$F$2500,"C&T",Data!$N$2:$N$2500,"Cluster 2",Data!$M$2:$M$2500,"KIRINYAGA",Data!$L$2:$L$2500,$D$3) -> 4 | E17: =IF(C17=0,0,D17/C17) -> 1 | F17: =MAX(C17-D17,0) -> 0 | G17: =SUMIFS(Data!$O$2:$O$2500,Data!$F$2:$F$2500,"HTS",Data!$N$2:$N$2500,"Cluster 2",Data!$M$2:$M$2500,"KIRINYAGA",Data!$L$2:$L$2500,$D$3) -> 4 | H17: =IF(C17=0,0,G17/C17) -> 1 | I17: =MAX(C17-G17,0) -> 0 | J17: =SUMIFS(Data!$O$2:$O$2500,Data!$F$2:$F$2500,"MNCH",Data!$N$2:$N$2500,"Cluster 2",Data!$M$2:$M$2500,"KIRINYAGA",Data!$L$2:$L$2500,$D$3) -> 4 | K17: =IF(C17=0,0,J17/C17) -> 1 | L17: =MAX(C17-J17,0) -> 0 | M17: =SUMIFS(Data!$O$2:$O$2500,Data!$F$2:$F$2500,"PREP",Data!$N$2:$N$2500,"Cluster 2",Data!$M$2:$M$2500,"KIRINYAGA",Data!$L$2:$L$2500,$D$3) -> 4 | N17: =IF(C17=0,0,M17/C17) -> 1 | O17: =MAX(C17-M17,0) -> 0 | P17: =IF(C17=0,0,(D17+G17+J17+M17)/(C17*4)) -> 1
B18: Nyeri | C18: =SUMIFS(Data!$P$2:$P$2500,Data!$N$2:$N$2500,"Cluster 2",Data!$M$2:$M$2500,"NYERI") -> 2 | D18: =SUMIFS(Data!$O$2:$O$2500,Data!$F$2:$F$2500,"C&T",Data!$N$2:$N$2500,"Cluster 2",Data!$M$2:$M$2500,"NYERI",Data!$L$2:$L$2500,$D$3) -> 2 | E18: =IF(C18=0,0,D18/C18) -> 1 | F18: =MAX(C18-D18,0) -> 0 | G18: =SUMIFS(Data!$O$2:$O$2500,Data!$F$2:$F$2500,"HTS",Data!$N$2:$N$2500,"Cluster 2",Data!$M$2:$M$2500,"NYERI",Data!$L$2:$L$2500,$D$3) -> 2 | H18: =IF(C18=0,0,G18/C18) -> 1 | I18: =MAX(C18-G18,0) -> 0 | J18: =SUMIFS(Data!$O$2:$O$2500,Data!$F$2:$F$2500,"MNCH",Data!$N$2:$N$2500,"Cluster 2",Data!$M$2:$M$2500,"NYERI",Data!$L$2:$L$2500,$D$3) -> 2 | K18: =IF(C18=0,0,J18/C18) -> 1 | L18: =MAX(C18-J18,0) -> 0 | M18: =SUMIFS(Data!$O$2:$O$2500,Data!$F$2:$F$2500,"PREP",Data!$N$2:$N$2500,"Cluster 2",Data!$M$2:$M$2500,"NYERI",Data!$L$2:$L$2500,$D$3) -> 2 | N18: =IF(C18=0,0,M18/C18) -> 1 | O18: =MAX(C18-M18,0) -> 0 | P18: =IF(C18=0,0,(D18+G18+J18+M18)/(C18*4)) -> 1
B19: Cluster 3 | C19: =C20+C21+C22 -> 13 | D19: =D20+D21+D22 -> 13 | E19: =IF(C19=0,0,D19/C19) -> 1 | F19: =MAX(C19-D19,0) -> 0 | G19: =G20+G21+G22 -> 13 | H19: =IF(C19=0,0,G19/C19) -> 1 | I19: =MAX(C19-G19,0) -> 0 | J19: =J20+J21+J22 -> 12 | K19: =IF(C19=0,0,J19/C19) -> 0.92307692 | L19: =MAX(C19-J19,0) -> 1 | M19: =M20+M21+M22 -> 13 | N19: =IF(C19=0,0,M19/C19) -> 1 | O19: =MAX(C19-M19,0) -> 0 | P19: =IF(C19=0,0,(D19+G19+J19+M19)/(C19*4)) -> 0.98076923
B20: Kiambu | C20: =SUMIFS(Data!$P$2:$P$2500,Data!$N$2:$N$2500,"Cluster 3",Data!$M$2:$M$2500,"KIAMBU") -> 11 | D20: =SUMIFS(Data!$O$2:$O$2500,Data!$F$2:$F$2500,"C&T",Data!$N$2:$N$2500,"Cluster 3",Data!$M$2:$M$2500,"KIAMBU",Data!$L$2:$L$2500,$D$3) -> 11 | E20: =IF(C20=0,0,D20/C20) -> 1 | F20: =MAX(C20-D20,0) -> 0 | G20: =SUMIFS(Data!$O$2:$O$2500,Data!$F$2:$F$2500,"HTS",Data!$N$2:$N$2500,"Cluster 3",Data!$M$2:$M$2500,"KIAMBU",Data!$L$2:$L$2500,$D$3) -> 11 | H20: =IF(C20=0,0,G20/C20) -> 1 | I20: =MAX(C20-G20,0) -> 0 | J20: =SUMIFS(Data!$O$2:$O$2500,Data!$F$2:$F$2500,"MNCH",Data!$N$2:$N$2500,"Cluster 3",Data!$M$2:$M$2500,"KIAMBU",Data!$L$2:$L$2500,$D$3) -> 10 | K20: =IF(C20=0,0,J20/C20) -> 0.90909091 | L20: =MAX(C20-J20,0) -> 1 | M20: =SUMIFS(Data!$O$2:$O$2500,Data!$F$2:$F$2500,"PREP",Data!$N$2:$N$2500,"Cluster 3",Data!$M$2:$M$2500,"KIAMBU",Data!$L$2:$L$2500,$D$3) -> 11 | N20: =IF(C20=0,0,M20/C20) -> 1 | O20: =MAX(C20-M20,0) -> 0 | P20: =IF(C20=0,0,(D20+G20+J20+M20)/(C20*4)) -> 0.97727273
B21: Murang'a | C21: =SUMIFS(Data!$P$2:$P$2500,Data!$N$2:$N$2500,"Cluster 3",Data!$M$2:$M$2500,"MURANG'A") -> 1 | D21: =SUMIFS(Data!$O$2:$O$2500,Data!$F$2:$F$2500,"C&T",Data!$N$2:$N$2500,"Cluster 3",Data!$M$2:$M$2500,"MURANG'A",Data!$L$2:$L$2500,$D$3) -> 1 | E21: =IF(C21=0,0,D21/C21) -> 1 | F21: =MAX(C21-D21,0) -> 0 | G21: =SUMIFS(Data!$O$2:$O$2500,Data!$F$2:$F$2500,"HTS",Data!$N$2:$N$2500,"Cluster 3",Data!$M$2:$M$2500,"MURANG'A",Data!$L$2:$L$2500,$D$3) -> 1 | H21: =IF(C21=0,0,G21/C21) -> 1 | I21: =MAX(C21-G21,0) -> 0 | J21: =SUMIFS(Data!$O$2:$O$2500,Data!$F$2:$F$2500,"MNCH",Data!$N$2:$N$2500,"Cluster 3",Data!$M$2:$M$2500,"MURANG'A",Data!$L$2:$L$2500,$D$3) -> 1 | K21: =IF(C21=0,0,J21/C21) -> 1 | L21: =MAX(C21-J21,0) -> 0 | M21: =SUMIFS(Data!$O$2:$O$2500,Data!$F$2:$F$2500,"PREP",Data!$N$2:$N$2500,"Cluster 3",Data!$M$2:$M$2500,"MURANG'A",Data!$L$2:$L$2500,$D$3) -> 1 | N21: =IF(C21=0,0,M21/C21) -> 1 | O21: =MAX(C21-M21,0) -> 0 | P21: =IF(C21=0,0,(D21+G21+J21+M21)/(C21*4)) -> 1
B22: Kajiado | C22: =SUMIFS(Data!$P$2:$P$2500,Data!$N$2:$N$2500,"Cluster 3",Data!$M$2:$M$2500,"KAJIADO") -> 1 | D22: =SUMIFS(Data!$O$2:$O$2500,Data!$F$2:$F$2500,"C&T",Data!$N$2:$N$2500,"Cluster 3",Data!$M$2:$M$2500,"KAJIADO",Data!$L$2:$L$2500,$D$3) -> 1 | E22: =IF(C22=0,0,D22/C22) -> 1 | F22: =MAX(C22-D22,0) -> 0 | G22: =SUMIFS(Data!$O$2:$O$2500,Data!$F$2:$F$2500,"HTS",Data!$N$2:$N$2500,"Cluster 3",Data!$M$2:$M$2500,"KAJIADO",Data!$L$2:$L$2500,$D$3) -> 1 | H22: =IF(C22=0,0,G22/C22) -> 1 | I22: =MAX(C22-G22,0) -> 0 | J22: =SUMIFS(Data!$O$2:$O$2500,Data!$F$2:$F$2500,"MNCH",Data!$N$2:$N$2500,"Cluster 3",Data!$M$2:$M$2500,"KAJIADO",Data!$L$2:$L$2500,$D$3) -> 1 | K22: =IF(C22=0,0,J22/C22) -> 1 | L22: =MAX(C22-J22,0) -> 0 | M22: =SUMIFS(Data!$O$2:$O$2500,Data!$F$2:$F$2500,"PREP",Data!$N$2:$N$2500,"Cluster 3",Data!$M$2:$M$2500,"KAJIADO",Data!$L$2:$L$2500,$D$3) -> 1 | N22: =IF(C22=0,0,M22/C22) -> 1 | O22: =MAX(C22-M22,0) -> 0 | P22: =IF(C22=0,0,(D22+G22+J22+M22)/(C22*4)) -> 1
B23: Cluster 4 | C23: =C24+C25+C26 -> 42 | D23: =D24+D25+D26 -> 42 | E23: =IF(C23=0,0,D23/C23) -> 1 | F23: =MAX(C23-D23,0) -> 0 | G23: =G24+G25+G26 -> 39 | H23: =IF(C23=0,0,G23/C23) -> 0.92857143 | I23: =MAX(C23-G23,0) -> 3 | J23: =J24+J25+J26 -> 39 | K23: =IF(C23=0,0,J23/C23) -> 0.92857143 | L23: =MAX(C23-J23,0) -> 3 | M23: =M24+M25+M26 -> 39 | N23: =IF(C23=0,0,M23/C23) -> 0.92857143 | O23: =MAX(C23-M23,0) -> 3 | P23: =IF(C23=0,0,(D23+G23+J23+M23)/(C23*4)) -> 0.94642857
B24: Nyandarua | C24: =SUMIFS(Data!$P$2:$P$2500,Data!$N$2:$N$2500,"Cluster 4",Data!$M$2:$M$2500,"NYANDARUA") -> 36 | D24: =SUMIFS(Data!$O$2:$O$2500,Data!$F$2:$F$2500,"C&T",Data!$N$2:$N$2500,"Cluster 4",Data!$M$2:$M$2500,"NYANDARUA",Data!$L$2:$L$2500,$D$3) -> 36 | E24: =IF(C24=0,0,D24/C24) -> 1 | F24: =MAX(C24-D24,0) -> 0 | G24: =SUMIFS(Data!$O$2:$O$2500,Data!$F$2:$F$2500,"HTS",Data!$N$2:$N$2500,"Cluster 4",Data!$M$2:$M$2500,"NYANDARUA",Data!$L$2:$L$2500,$D$3) -> 33 | H24: =IF(C24=0,0,G24/C24) -> 0.91666667 | I24: =MAX(C24-G24,0) -> 3 | J24: =SUMIFS(Data!$O$2:$O$2500,Data!$F$2:$F$2500,"MNCH",Data!$N$2:$N$2500,"Cluster 4",Data!$M$2:$M$2500,"NYANDARUA",Data!$L$2:$L$2500,$D$3) -> 34 | K24: =IF(C24=0,0,J24/C24) -> 0.94444444 | L24: =MAX(C24-J24,0) -> 2 | M24: =SUMIFS(Data!$O$2:$O$2500,Data!$F$2:$F$2500,"PREP",Data!$N$2:$N$2500,"Cluster 4",Data!$M$2:$M$2500,"NYANDARUA",Data!$L$2:$L$2500,$D$3) -> 33 | N24: =IF(C24=0,0,M24/C24) -> 0.91666667 | O24: =MAX(C24-M24,0) -> 3 | P24: =IF(C24=0,0,(D24+G24+J24+M24)/(C24*4)) -> 0.94444444
B25: Narok | C25: =SUMIFS(Data!$P$2:$P$2500,Data!$N$2:$N$2500,"Cluster 4",Data!$M$2:$M$2500,"NAROK") -> 5 | D25: =SUMIFS(Data!$O$2:$O$2500,Data!$F$2:$F$2500,"C&T",Data!$N$2:$N$2500,"Cluster 4",Data!$M$2:$M$2500,"NAROK",Data!$L$2:$L$2500,$D$3) -> 5 | E25: =IF(C25=0,0,D25/C25) -> 1 | F25: =MAX(C25-D25,0) -> 0 | G25: =SUMIFS(Data!$O$2:$O$2500,Data!$F$2:$F$2500,"HTS",Data!$N$2:$N$2500,"Cluster 4",Data!$M$2:$M$2500,"NAROK",Data!$L$2:$L$2500,$D$3) -> 5 | H25: =IF(C25=0,0,G25/C25) -> 1 | I25: =MAX(C25-G25,0) -> 0 | J25: =SUMIFS(Data!$O$2:$O$2500,Data!$F$2:$F$2500,"MNCH",Data!$N$2:$N$2500,"Cluster 4",Data!$M$2:$M$2500,"NAROK",Data!$L$2:$L$2500,$D$3) -> 4 | K25: =IF(C25=0,0,J25/C25) -> 0.8 | L25: =MAX(C25-J25,0) -> 1 | M25: =SUMIFS(Data!$O$2:$O$2500,Data!$F$2:$F$2500,"PREP",Data!$N$2:$N$2500,"Cluster 4",Data!$M$2:$M$2500,"NAROK",Data!$L$2:$L$2500,$D$3) -> 5 | N25: =IF(C25=0,0,M25/C25) -> 1 | O25: =MAX(C25-M25,0) -> 0 | P25: =IF(C25=0,0,(D25+G25+J25+M25)/(C25*4)) -> 0.95
B26: Nakuru | C26: =SUMIFS(Data!$P$2:$P$2500,Data!$N$2:$N$2500,"Cluster 4",Data!$M$2:$M$2500,"NAKURU") -> 1 | D26: =SUMIFS(Data!$O$2:$O$2500,Data!$F$2:$F$2500,"C&T",Data!$N$2:$N$2500,"Cluster 4",Data!$M$2:$M$2500,"NAKURU",Data!$L$2:$L$2500,$D$3) -> 1 | E26: =IF(C26=0,0,D26/C26) -> 1 | F26: =MAX(C26-D26,0) -> 0 | G26: =SUMIFS(Data!$O$2:$O$2500,Data!$F$2:$F$2500,"HTS",Data!$N$2:$N$2500,"Cluster 4",Data!$M$2:$M$2500,"NAKURU",Data!$L$2:$L$2500,$D$3) -> 1 | H26: =IF(C26=0,0,G26/C26) -> 1 | I26: =MAX(C26-G26,0) -> 0 | J26: =SUMIFS(Data!$O$2:$O$2500,Data!$F$2:$F$2500,"MNCH",Data!$N$2:$N$2500,"Cluster 4",Data!$M$2:$M$2500,"NAKURU",Data!$L$2:$L$2500,$D$3) -> 1 | K26: =IF(C26=0,0,J26/C26) -> 1 | L26: =MAX(C26-J26,0) -> 0 | M26: =SUMIFS(Data!$O$2:$O$2500,Data!$F$2:$F$2500,"PREP",Data!$N$2:$N$2500,"Cluster 4",Data!$M$2:$M$2500,"NAKURU",Data!$L$2:$L$2500,$D$3) -> 1 | N26: =IF(C26=0,0,M26/C26) -> 1 | O26: =MAX(C26-M26,0) -> 0 | P26: =IF(C26=0,0,(D26+G26+J26+M26)/(C26*4)) -> 1
B27: Cluster 5 | C27: =C28+C29+C30 -> 24 | D27: =D28+D29+D30 -> 24 | E27: =IF(C27=0,0,D27/C27) -> 1 | F27: =MAX(C27-D27,0) -> 0 | G27: =G28+G29+G30 -> 24 | H27: =IF(C27=0,0,G27/C27) -> 1 | I27: =MAX(C27-G27,0) -> 0 | J27: =J28+J29+J30 -> 20 | K27: =IF(C27=0,0,J27/C27) -> 0.83333333 | L27: =MAX(C27-J27,0) -> 4 | M27: =M28+M29+M30 -> 23 | N27: =IF(C27=0,0,M27/C27) -> 0.95833333 | O27: =MAX(C27-M27,0) -> 1 | P27: =IF(C27=0,0,(D27+G27+J27+M27)/(C27*4)) -> 0.94791667
B28: Kitui | C28: =SUMIFS(Data!$P$2:$P$2500,Data!$N$2:$N$2500,"Cluster 5",Data!$M$2:$M$2500,"KITUI") -> 14 | D28: =SUMIFS(Data!$O$2:$O$2500,Data!$F$2:$F$2500,"C&T",Data!$N$2:$N$2500,"Cluster 5",Data!$M$2:$M$2500,"KITUI",Data!$L$2:$L$2500,$D$3) -> 14 | E28: =IF(C28=0,0,D28/C28) -> 1 | F28: =MAX(C28-D28,0) -> 0 | G28: =SUMIFS(Data!$O$2:$O$2500,Data!$F$2:$F$2500,"HTS",Data!$N$2:$N$2500,"Cluster 5",Data!$M$2:$M$2500,"KITUI",Data!$L$2:$L$2500,$D$3) -> 14 | H28: =IF(C28=0,0,G28/C28) -> 1 | I28: =MAX(C28-G28,0) -> 0 | J28: =SUMIFS(Data!$O$2:$O$2500,Data!$F$2:$F$2500,"MNCH",Data!$N$2:$N$2500,"Cluster 5",Data!$M$2:$M$2500,"KITUI",Data!$L$2:$L$2500,$D$3) -> 11 | K28: =IF(C28=0,0,J28/C28) -> 0.78571429 | L28: =MAX(C28-J28,0) -> 3 | M28: =SUMIFS(Data!$O$2:$O$2500,Data!$F$2:$F$2500,"PREP",Data!$N$2:$N$2500,"Cluster 5",Data!$M$2:$M$2500,"KITUI",Data!$L$2:$L$2500,$D$3) -> 13 | N28: =IF(C28=0,0,M28/C28) -> 0.92857143 | O28: =MAX(C28-M28,0) -> 1 | P28: =IF(C28=0,0,(D28+G28+J28+M28)/(C28*4)) -> 0.92857143
B29: Makueni | C29: =SUMIFS(Data!$P$2:$P$2500,Data!$N$2:$N$2500,"Cluster 5",Data!$M$2:$M$2500,"MAKUENI") -> 6 | D29: =SUMIFS(Data!$O$2:$O$2500,Data!$F$2:$F$2500,"C&T",Data!$N$2:$N$2500,"Cluster 5",Data!$M$2:$M$2500,"MAKUENI",Data!$L$2:$L$2500,$D$3) -> 6 | E29: =IF(C29=0,0,D29/C29) -> 1 | F29: =MAX(C29-D29,0) -> 0 | G29: =SUMIFS(Data!$O$2:$O$2500,Data!$F$2:$F$2500,"HTS",Data!$N$2:$N$2500,"Cluster 5",Data!$M$2:$M$2500,"MAKUENI",Data!$L$2:$L$2500,$D$3) -> 6 | H29: =IF(C29=0,0,G29/C29) -> 1 | I29: =MAX(C29-G29,0) -> 0 | J29: =SUMIFS(Data!$O$2:$O$2500,Data!$F$2:$F$2500,"MNCH",Data!$N$2:$N$2500,"Cluster 5",Data!$M$2:$M$2500,"MAKUENI",Data!$L$2:$L$2500,$D$3) -> 5 | K29: =IF(C29=0,0,J29/C29) -> 0.83333333 | L29: =MAX(C29-J29,0) -> 1 | M29: =SUMIFS(Data!$O$2:$O$2500,Data!$F$2:$F$2500,"PREP",Data!$N$2:$N$2500,"Cluster 5",Data!$M$2:$M$2500,"MAKUENI",Data!$L$2:$L$2500,$D$3) -> 6 | N29: =IF(C29=0,0,M29/C29) -> 1 | O29: =MAX(C29-M29,0) -> 0 | P29: =IF(C29=0,0,(D29+G29+J29+M29)/(C29*4)) -> 0.95833333
B30: Machakos | C30: =SUMIFS(Data!$P$2:$P$2500,Data!$N$2:$N$2500,"Cluster 5",Data!$M$2:$M$2500,"MACHAKOS") -> 4 | D30: =SUMIFS(Data!$O$2:$O$2500,Data!$F$2:$F$2500,"C&T",Data!$N$2:$N$2500,"Cluster 5",Data!$M$2:$M$2500,"MACHAKOS",Data!$L$2:$L$2500,$D$3) -> 4 | E30: =IF(C30=0,0,D30/C30) -> 1 | F30: =MAX(C30-D30,0) -> 0 | G30: =SUMIFS(Data!$O$2:$O$2500,Data!$F$2:$F$2500,"HTS",Data!$N$2:$N$2500,"Cluster 5",Data!$M$2:$M$2500,"MACHAKOS",Data!$L$2:$L$2500,$D$3) -> 4 | H30: =IF(C30=0,0,G30/C30) -> 1 | I30: =MAX(C30-G30,0) -> 0 | J30: =SUMIFS(Data!$O$2:$O$2500,Data!$F$2:$F$2500,"MNCH",Data!$N$2:$N$2500,"Cluster 5",Data!$M$2:$M$2500,"MACHAKOS",Data!$L$2:$L$2500,$D$3) -> 4 | K30: =IF(C30=0,0,J30/C30) -> 1 | L30: =MAX(C30-J30,0) -> 0 | M30: =SUMIFS(Data!$O$2:$O$2500,Data!$F$2:$F$2500,"PREP",Data!$N$2:$N$2500,"Cluster 5",Data!$M$2:$M$2500,"MACHAKOS",Data!$L$2:$L$2500,$D$3) -> 4 | N30: =IF(C30=0,0,M30/C30) -> 1 | O30: =MAX(C30-M30,0) -> 0 | P30: =IF(C30=0,0,(D30+G30+J30+M30)/(C30*4)) -> 1
B31: CHAK DARAJA TOTAL | C31: =C11+C14+C19+C23+C27 -> 208 | D31: =D11+D14+D19+D23+D27 -> 208 | E31: =IF(C31=0,0,D31/C31) -> 1 | F31: =MAX(C31-D31,0) -> 0 | G31: =G11+G14+G19+G23+G27 -> 193 | H31: =IF(C31=0,0,G31/C31) -> 0.92788462 | I31: =MAX(C31-G31,0) -> 15 | J31: =J11+J14+J19+J23+J27 -> 179 | K31: =IF(C31=0,0,J31/C31) -> 0.86057692 | L31: =MAX(C31-J31,0) -> 29 | M31: =M11+M14+M19+M23+M27 -> 164 | N31: =IF(C31=0,0,M31/C31) -> 0.78846154 | O31: =MAX(C31-M31,0) -> 44 | P31: =IF(C31=0,0,(D31+G31+J31+M31)/(C31*4)) -> 0.89423077
B38: CLUSTER COMPARISON — % of expected sites uploaded
B39: Cluster | C39: Expected Sites | D39: Care & Treatment | E39: HTS | F39: MNCH | G39: PrEP | H39: Overall %
B40: =B11 -> Cluster 1 | C40: =C11 -> 65 | D40: =E11 -> 1 | E40: =H11 -> 0.87692308 | F40: =K11 -> 0.84615385 | G40: =N11 -> 0.58461538 | H40: =P11 -> 0.82692308
B41: =B14 -> Cluster 2 | C41: =C14 -> 64 | D41: =E14 -> 1 | E41: =H14 -> 0.9375 | F41: =K14 -> 0.828125 | G41: =N14 -> 0.796875 | H41: =P14 -> 0.890625
B42: =B19 -> Cluster 3 | C42: =C19 -> 13 | D42: =E19 -> 1 | E42: =H19 -> 1 | F42: =K19 -> 0.92307692 | G42: =N19 -> 1 | H42: =P19 -> 0.98076923
B43: =B23 -> Cluster 4 | C43: =C23 -> 42 | D43: =E23 -> 1 | E43: =H23 -> 0.92857143 | F43: =K23 -> 0.92857143 | G43: =N23 -> 0.92857143 | H43: =P23 -> 0.94642857
B44: =B27 -> Cluster 5 | C44: =C27 -> 24 | D44: =E27 -> 1 | E44: =H27 -> 1 | F44: =K27 -> 0.83333333 | G44: =N27 -> 0.95833333 | H44: =P27 -> 0.94791667
B45: Chak Daraja | C45: =C31 -> 208 | D45: =E31 -> 1 | E45: =H31 -> 0.92788462 | F45: =K31 -> 0.86057692 | G45: =N31 -> 0.78846154 | H45: =P31 -> 0.89423077

Sheet FAA Milestone Link
B1: FAA MILESTONE LINK — DWAPI UPLOADS vs PAYMENT
B2: Links the cluster upload tracker to the FAA milestone on electronic reporting, and shows the payment tier the current upload rate would earn.
B4: A. Milestone details (from FAA plan)
B5: Milestone ID | C5: 22 | D5: ← change to link another milestone ID from the FAA plan
B6: Milestone name | C6: =IFERROR(INDEX('FAA Milestones'!$B$5:$B$30,MATCH($C$5,'FAA Milestones'!$A$5:$A$30,0)),"") -> Digital Health Systems & Electronic Reporting Coverage, Data Systems
B7: Description | C7: =IFERROR(INDEX('FAA Milestones'!$E$5:$E$30,MATCH($C$5,'FAA Milestones'!$A$5:$A$30,0)),"") -> Electronic reporting of HIV service data through TaifaCare EMR, automated exchange to the National Data Warehouse and KHIS
B8: Data source | C8: =IFERROR(INDEX('FAA Milestones'!$F$5:$F$30,MATCH($C$5,'FAA Milestones'!$A$5:$A$30,0)),"") -> National Data Warehouse (NDWH); KHIS
B9: Verification method | C9: =IFERROR(INDEX('FAA Milestones'!$H$5:$H$30,MATCH($C$5,'FAA Milestones'!$A$5:$A$30,0)),"") -> Desk review of the National Data Warehouse system-generated facility reporting-rate dashboard and KHIS reporting completeness; district Data Quality Assessment (DQA)
B10: Achievement threshold | C10: =IFERROR(INDEX('FAA Milestones'!$I$5:$I$30,MATCH($C$5,'FAA Milestones'!$A$5:$A$30,0)),"") -> ≥95% of HIV facilities reporting electronically
B11: Payment scale | C11: =IFERROR(INDEX('FAA Milestones'!$J$5:$J$30,MATCH($C$5,'FAA Milestones'!$A$5:$A$30,0)),"") -> 100% payment: ≥95% reporting 80% payment: 90–94% reporting 50% payment: 80–89% reporting No payment: <80% reporting
B12: Frequency | C12: =IFERROR(INDEX('FAA Milestones'!$K$5:$K$30,MATCH($C$5,'FAA Milestones'!$A$5:$A$30,0)),"") -> Monthly
B13: Type / Tier | C13: =IFERROR(INDEX('FAA Milestones'!$V$5:$V$30,MATCH($C$5,'FAA Milestones'!$A$5:$A$30,0)),"") -> Tier 2
B14: Verified by | C14: =IFERROR(INDEX('FAA Milestones'!$U$5:$U$30,MATCH($C$5,'FAA Milestones'!$A$5:$A$30,0)),"") -> Hybrid (USG + Third Party Firm)
B15: Max annual payment ($) | C15: =IFERROR(INDEX('FAA Milestones'!$T$5:$T$30,MATCH($C$5,'FAA Milestones'!$A$5:$A$30,0)),"") -> 269684
B17: B. Payment tiers (from the FAA payment scale — edit if renegotiated)
B18: Minimum reporting rate | C18: Payment % | D18: Tier label
B19: 0 | C19: 0 | D19: No payment (<80%)
B20: 0.8 | C20: 0.5 | D20: 50% payment (80–89%)
B21: 0.9 | C21: 0.8 | D21: 80% payment (90–94%)
B22: 0.95 | C22: 1 | D22: Full payment (≥95%)
B23: Read as: a rate at or above the minimum earns that payment %. Lookup uses the highest tier met.
B25: C. Current period — performance against the milestone
B26: Reporting period | C26: ='Cluster Summary'!D2 -> 46266
B27: Upload month | C27: ='Cluster Summary'!D3 -> 2026-10
B28: Measure used for payment | C28: C&T | D28: ← pick which upload rate GOR will treat as "HIV facilities reporting electronically" (C&T = NDWH C&T facility reporting rate)
B30: Docket | C30: Expected Sites | D30: Sites Uploaded | E30: Reporting Rate | F30: Payment Tier | G30: Sites still needed for 95%
B31: C&T | C31: ='Cluster Summary'!C31 -> 208 | D31: ='Cluster Summary'!D31 -> 208 | E31: =IF(C31=0,0,D31/C31) -> 1 | F31: =INDEX($D$19:$D$22,MATCH(E31,$B$19:$B$22,1)) -> Full payment (≥95%) | G31: =MAX(0,ROUNDUP($B$22*C31,0)-D31) -> 0
B32: HTS | C32: ='Cluster Summary'!C31 -> 208 | D32: ='Cluster Summary'!G31 -> 193 | E32: =IF(C32=0,0,D32/C32) -> 0.92788462 | F32: =INDEX($D$19:$D$22,MATCH(E32,$B$19:$B$22,1)) -> 80% payment (90–94%) | G32: =MAX(0,ROUNDUP($B$22*C32,0)-D32) -> 5
B33: MNCH | C33: ='Cluster Summary'!C31 -> 208 | D33: ='Cluster Summary'!J31 -> 179 | E33: =IF(C33=0,0,D33/C33) -> 0.86057692 | F33: =INDEX($D$19:$D$22,MATCH(E33,$B$19:$B$22,1)) -> 50% payment (80–89%) | G33: =MAX(0,ROUNDUP($B$22*C33,0)-D33) -> 19
B34: PrEP | C34: ='Cluster Summary'!C31 -> 208 | D34: ='Cluster Summary'!M31 -> 164 | E34: =IF(C34=0,0,D34/C34) -> 0.78846154 | F34: =INDEX($D$19:$D$22,MATCH(E34,$B$19:$B$22,1)) -> No payment (<80%) | G34: =MAX(0,ROUNDUP($B$22*C34,0)-D34) -> 34
B35: Overall | C35: =SUM(C31:C34) -> 832 | D35: =SUM(D31:D34) -> 744 | E35: =IF(C35=0,0,D35/C35) -> 0.89423077 | F35: =INDEX($D$19:$D$22,MATCH(E35,$B$19:$B$22,1)) -> 50% payment (80–89%) | G35: =MAX(0,ROUNDUP($B$22*C35,0)-D35) -> 47
B37: RESULT FOR THIS MILESTONE
B38: Reporting rate (selected measure) | C38: =INDEX($E$31:$E$35,MATCH($C$28,$B$31:$B$35,0)) -> 1
B39: Payment tier earned | C39: =INDEX($D$19:$D$22,MATCH(C38,$B$19:$B$22,1)) -> Full payment (≥95%)
B40: Payment % earned | C40: =INDEX($C$19:$C$22,MATCH(C38,$B$19:$B$22,1)) -> 1
B41: Reference monthly max payment ($) — M2–M6 rate | C41: =IFERROR(INDEX('FAA Milestones'!$O$5:$O$30,MATCH($C$5,'FAA Milestones'!$A$5:$A$30,0)),0) -> 44900
B42: Indicative payment at this rate ($) | C42: =C40*C41 -> 44900
B43: Amount at risk ($) | C43: =C41-C42 -> 0
B44: Sites still needed to reach 95% | C44: =INDEX($G$31:$G$35,MATCH($C$28,$B$31:$B$35,0)) -> 0
B45: August 2026 is before the award start (1-Sep-2026), so it is a baseline: the first paid month (M1 = September performance) is uploaded in October 2026.
B47: D. Cluster / county readiness for the 95% threshold (selected measure)
B48: Cluster / County | C48: Expected Sites | D48: Sites Uploaded | E48: Reporting Rate | F48: Payment Tier if judged alone | G48: Sites needed for 95%
B49: ='Cluster Summary'!B11 -> Cluster 1 | C49: =IF($C$28="Overall",'Cluster Summary'!C11*4,'Cluster Summary'!C11) -> 65 | D49: =CHOOSE(MATCH($C$28,{"C&T","HTS","MNCH","PrEP","Overall"},0),'Cluster Summary'!D11,'Cluster Summary'!G11,'Cluster Summary'!J11,'Cluster Summary'!M11,'Cluster Summary'!D11+'Cluster Summary'!G11+'Cluster Summary'!J11+'Cluster Summary'!M11) -> 65 | E49: =IF(C49=0,0,D49/C49) -> 1 | F49: =INDEX($D$19:$D$22,MATCH(E49,$B$19:$B$22,1)) -> Full payment (≥95%) | G49: =MAX(0,ROUNDUP($B$22*C49,0)-D49) -> 0
B50: ='Cluster Summary'!B12 -> Meru | C50: =IF($C$28="Overall",'Cluster Summary'!C12*4,'Cluster Summary'!C12) -> 64 | D50: =CHOOSE(MATCH($C$28,{"C&T","HTS","MNCH","PrEP","Overall"},0),'Cluster Summary'!D12,'Cluster Summary'!G12,'Cluster Summary'!J12,'Cluster Summary'!M12,'Cluster Summary'!D12+'Cluster Summary'!G12+'Cluster Summary'!J12+'Cluster Summary'!M12) -> 64 | E50: =IF(C50=0,0,D50/C50) -> 1 | F50: =INDEX($D$19:$D$22,MATCH(E50,$B$19:$B$22,1)) -> Full payment (≥95%) | G50: =MAX(0,ROUNDUP($B$22*C50,0)-D50) -> 0
B51: ='Cluster Summary'!B13 -> Laikipia | C51: =IF($C$28="Overall",'Cluster Summary'!C13*4,'Cluster Summary'!C13) -> 1 | D51: =CHOOSE(MATCH($C$28,{"C&T","HTS","MNCH","PrEP","Overall"},0),'Cluster Summary'!D13,'Cluster Summary'!G13,'Cluster Summary'!J13,'Cluster Summary'!M13,'Cluster Summary'!D13+'Cluster Summary'!G13+'Cluster Summary'!J13+'Cluster Summary'!M13) -> 1 | E51: =IF(C51=0,0,D51/C51) -> 1 | F51: =INDEX($D$19:$D$22,MATCH(E51,$B$19:$B$22,1)) -> Full payment (≥95%) | G51: =MAX(0,ROUNDUP($B$22*C51,0)-D51) -> 0
B52: ='Cluster Summary'!B14 -> Cluster 2 | C52: =IF($C$28="Overall",'Cluster Summary'!C14*4,'Cluster Summary'!C14) -> 64 | D52: =CHOOSE(MATCH($C$28,{"C&T","HTS","MNCH","PrEP","Overall"},0),'Cluster Summary'!D14,'Cluster Summary'!G14,'Cluster Summary'!J14,'Cluster Summary'!M14,'Cluster Summary'!D14+'Cluster Summary'!G14+'Cluster Summary'!J14+'Cluster Summary'!M14) -> 64 | E52: =IF(C52=0,0,D52/C52) -> 1 | F52: =INDEX($D$19:$D$22,MATCH(E52,$B$19:$B$22,1)) -> Full payment (≥95%) | G52: =MAX(0,ROUNDUP($B$22*C52,0)-D52) -> 0
B53: ='Cluster Summary'!B15 -> Embu | C53: =IF($C$28="Overall",'Cluster Summary'!C15*4,'Cluster Summary'!C15) -> 35 | D53: =CHOOSE(MATCH($C$28,{"C&T","HTS","MNCH","PrEP","Overall"},0),'Cluster Summary'!D15,'Cluster Summary'!G15,'Cluster Summary'!J15,'Cluster Summary'!M15,'Cluster Summary'!D15+'Cluster Summary'!G15+'Cluster Summary'!J15+'Cluster Summary'!M15) -> 35 | E53: =IF(C53=0,0,D53/C53) -> 1 | F53: =INDEX($D$19:$D$22,MATCH(E53,$B$19:$B$22,1)) -> Full payment (≥95%) | G53: =MAX(0,ROUNDUP($B$22*C53,0)-D53) -> 0
B54: ='Cluster Summary'!B16 -> Tharaka-Nithi | C54: =IF($C$28="Overall",'Cluster Summary'!C16*4,'Cluster Summary'!C16) -> 23 | D54: =CHOOSE(MATCH($C$28,{"C&T","HTS","MNCH","PrEP","Overall"},0),'Cluster Summary'!D16,'Cluster Summary'!G16,'Cluster Summary'!J16,'Cluster Summary'!M16,'Cluster Summary'!D16+'Cluster Summary'!G16+'Cluster Summary'!J16+'Cluster Summary'!M16) -> 23 | E54: =IF(C54=0,0,D54/C54) -> 1 | F54: =INDEX($D$19:$D$22,MATCH(E54,$B$19:$B$22,1)) -> Full payment (≥95%) | G54: =MAX(0,ROUNDUP($B$22*C54,0)-D54) -> 0
B55: ='Cluster Summary'!B17 -> Kirinyaga | C55: =IF($C$28="Overall",'Cluster Summary'!C17*4,'Cluster Summary'!C17) -> 4 | D55: =CHOOSE(MATCH($C$28,{"C&T","HTS","MNCH","PrEP","Overall"},0),'Cluster Summary'!D17,'Cluster Summary'!G17,'Cluster Summary'!J17,'Cluster Summary'!M17,'Cluster Summary'!D17+'Cluster Summary'!G17+'Cluster Summary'!J17+'Cluster Summary'!M17) -> 4 | E55: =IF(C55=0,0,D55/C55) -> 1 | F55: =INDEX($D$19:$D$22,MATCH(E55,$B$19:$B$22,1)) -> Full payment (≥95%) | G55: =MAX(0,ROUNDUP($B$22*C55,0)-D55) -> 0
B56: ='Cluster Summary'!B18 -> Nyeri | C56: =IF($C$28="Overall",'Cluster Summary'!C18*4,'Cluster Summary'!C18) -> 2 | D56: =CHOOSE(MATCH($C$28,{"C&T","HTS","MNCH","PrEP","Overall"},0),'Cluster Summary'!D18,'Cluster Summary'!G18,'Cluster Summary'!J18,'Cluster Summary'!M18,'Cluster Summary'!D18+'Cluster Summary'!G18+'Cluster Summary'!J18+'Cluster Summary'!M18) -> 2 | E56: =IF(C56=0,0,D56/C56) -> 1 | F56: =INDEX($D$19:$D$22,MATCH(E56,$B$19:$B$22,1)) -> Full payment (≥95%) | G56: =MAX(0,ROUNDUP($B$22*C56,0)-D56) -> 0
B57: ='Cluster Summary'!B19 -> Cluster 3 | C57: =IF($C$28="Overall",'Cluster Summary'!C19*4,'Cluster Summary'!C19) -> 13 | D57: =CHOOSE(MATCH($C$28,{"C&T","HTS","MNCH","PrEP","Overall"},0),'Cluster Summary'!D19,'Cluster Summary'!G19,'Cluster Summary'!J19,'Cluster Summary'!M19,'Cluster Summary'!D19+'Cluster Summary'!G19+'Cluster Summary'!J19+'Cluster Summary'!M19) -> 13 | E57: =IF(C57=0,0,D57/C57) -> 1 | F57: =INDEX($D$19:$D$22,MATCH(E57,$B$19:$B$22,1)) -> Full payment (≥95%) | G57: =MAX(0,ROUNDUP($B$22*C57,0)-D57) -> 0
B58: ='Cluster Summary'!B20 -> Kiambu | C58: =IF($C$28="Overall",'Cluster Summary'!C20*4,'Cluster Summary'!C20) -> 11 | D58: =CHOOSE(MATCH($C$28,{"C&T","HTS","MNCH","PrEP","Overall"},0),'Cluster Summary'!D20,'Cluster Summary'!G20,'Cluster Summary'!J20,'Cluster Summary'!M20,'Cluster Summary'!D20+'Cluster Summary'!G20+'Cluster Summary'!J20+'Cluster Summary'!M20) -> 11 | E58: =IF(C58=0,0,D58/C58) -> 1 | F58: =INDEX($D$19:$D$22,MATCH(E58,$B$19:$B$22,1)) -> Full payment (≥95%) | G58: =MAX(0,ROUNDUP($B$22*C58,0)-D58) -> 0
B59: ='Cluster Summary'!B21 -> Murang'a | C59: =IF($C$28="Overall",'Cluster Summary'!C21*4,'Cluster Summary'!C21) -> 1 | D59: =CHOOSE(MATCH($C$28,{"C&T","HTS","MNCH","PrEP","Overall"},0),'Cluster Summary'!D21,'Cluster Summary'!G21,'Cluster Summary'!J21,'Cluster Summary'!M21,'Cluster Summary'!D21+'Cluster Summary'!G21+'Cluster Summary'!J21+'Cluster Summary'!M21) -> 1 | E59: =IF(C59=0,0,D59/C59) -> 1 | F59: =INDEX($D$19:$D$22,MATCH(E59,$B$19:$B$22,1)) -> Full payment (≥95%) | G59: =MAX(0,ROUNDUP($B$22*C59,0)-D59) -> 0
B60: ='Cluster Summary'!B22 -> Kajiado | C60: =IF($C$28="Overall",'Cluster Summary'!C22*4,'Cluster Summary'!C22) -> 1 | D60: =CHOOSE(MATCH($C$28,{"C&T","HTS","MNCH","PrEP","Overall"},0),'Cluster Summary'!D22,'Cluster Summary'!G22,'Cluster Summary'!J22,'Cluster Summary'!M22,'Cluster Summary'!D22+'Cluster Summary'!G22+'Cluster Summary'!J22+'Cluster Summary'!M22) -> 1 | E60: =IF(C60=0,0,D60/C60) -> 1 | F60: =INDEX($D$19:$D$22,MATCH(E60,$B$19:$B$22,1)) -> Full payment (≥95%) | G60: =MAX(0,ROUNDUP($B$22*C60,0)-D60) -> 0
... B69: ='Cluster Summary'!B31 -> CHAK DARAJA TOTAL | C69: =IF($C$28="Overall",'Cluster Summary'!C31*4,'Cluster Summary'!C31) -> 208 | D69: =CHOOSE(MATCH($C$28,{"C&T","HTS","MNCH","PrEP","Overall"},0),'Cluster Summary'!D31,'Cluster Summary'!G31,'Cluster Summary'!J31,'Cluster Summary'!M31,'Cluster Summary'!D31+'Cluster Summary'!G31+'Cluster Summary'!J31+'Cluster Summary'!M31) -> 208 | E69: =IF(C69=0,0,D69/C69) -> 1 | F69: =INDEX($D$19:$D$22,MATCH(E69,$B$19:$B$22,1)) -> Full payment (≥95%) | G69: =MAX(0,ROUNDUP($B$22*C69,0)-D69) -> 0
B72: E. Monthly payment tracker for this milestone (award year 1)
B73: Record each month's final rate in the blue "Recorded rate" column once GOR verifies it. Until then, the month matching the upload month in the Cluster Summary shows the live rate.
B74: Payment Month | C74: Performance Period | D74: DWAPI Upload Month | E74: Data Due to GOR | F74: Max Payment ($) | G74: Recorded rate (enter) | H74: Rate used | I74: Payment Tier | J74: Expected Payment ($) | K74: Amount at Risk ($)
B75: Baseline | C75: Aug 2026 | D75: 2026-09 | E75: — | F75: 0 | H75: =IF(G75<>"",G75,IF(D75='Cluster Summary'!$D$3,$C$38,"")) | I75: =IF(H75="","Not yet reported",INDEX($D$19:$D$22,MATCH(H75,$B$19:$B$22,1))) -> Not yet reported | J75: =IF(H75="","",F75*INDEX($C$19:$C$22,MATCH(H75,$B$19:$B$22,1))) | K75: =IF(H75="","",F75-J75)
B76: M1 | C76: Sep 2026 | D76: 2026-10 | E76: =IFERROR(INDEX('FAA Milestones'!$W$5:$W$30,MATCH($C$5,'FAA Milestones'!$A$5:$A$30,0)),"") -> 46316 | F76: =IFERROR(INDEX('FAA Milestones'!$N$5:$N$30,MATCH($C$5,'FAA Milestones'!$A$5:$A$30,0)),0) -> 45184 | H76: =IF(G76<>"",G76,IF(D76='Cluster Summary'!$D$3,$C$38,"")) -> 1 | I76: =IF(H76="","Not yet reported",INDEX($D$19:$D$22,MATCH(H76,$B$19:$B$22,1))) -> Full payment (≥95%) | J76: =IF(H76="","",F76*INDEX($C$19:$C$22,MATCH(H76,$B$19:$B$22,1))) -> 45184 | K76: =IF(H76="","",F76-J76) -> 0
B77: M2 | C77: Oct 2026 | D77: 2026-11 | E77: =IFERROR(INDEX('FAA Milestones'!$X$5:$X$30,MATCH($C$5,'FAA Milestones'!$A$5:$A$30,0)),"") -> 46346 | F77: =IFERROR(INDEX('FAA Milestones'!$O$5:$O$30,MATCH($C$5,'FAA Milestones'!$A$5:$A$30,0)),0) -> 44900 | H77: =IF(G77<>"",G77,IF(D77='Cluster Summary'!$D$3,$C$38,"")) | I77: =IF(H77="","Not yet reported",INDEX($D$19:$D$22,MATCH(H77,$B$19:$B$22,1))) -> Not yet reported | J77: =IF(H77="","",F77*INDEX($C$19:$C$22,MATCH(H77,$B$19:$B$22,1))) | K77: =IF(H77="","",F77-J77)
B78: M3 | C78: Nov 2026 | D78: 2026-12 | E78: =IFERROR(INDEX('FAA Milestones'!$Y$5:$Y$30,MATCH($C$5,'FAA Milestones'!$A$5:$A$30,0)),"") -> 46374 | F78: =IFERROR(INDEX('FAA Milestones'!$P$5:$P$30,MATCH($C$5,'FAA Milestones'!$A$5:$A$30,0)),0) -> 44900 | H78: =IF(G78<>"",G78,IF(D78='Cluster Summary'!$D$3,$C$38,"")) | I78: =IF(H78="","Not yet reported",INDEX($D$19:$D$22,MATCH(H78,$B$19:$B$22,1))) -> Not yet reported | J78: =IF(H78="","",F78*INDEX($C$19:$C$22,MATCH(H78,$B$19:$B$22,1))) | K78: =IF(H78="","",F78-J78)
B79: M4 | C79: Dec 2026 | D79: 2027-01 | E79: =IFERROR(INDEX('FAA Milestones'!$Z$5:$Z$30,MATCH($C$5,'FAA Milestones'!$A$5:$A$30,0)),"") -> 46407 | F79: =IFERROR(INDEX('FAA Milestones'!$Q$5:$Q$30,MATCH($C$5,'FAA Milestones'!$A$5:$A$30,0)),0) -> 44900 | H79: =IF(G79<>"",G79,IF(D79='Cluster Summary'!$D$3,$C$38,"")) | I79: =IF(H79="","Not yet reported",INDEX($D$19:$D$22,MATCH(H79,$B$19:$B$22,1))) -> Not yet reported | J79: =IF(H79="","",F79*INDEX($C$19:$C$22,MATCH(H79,$B$19:$B$22,1))) | K79: =IF(H79="","",F79-J79)
B80: M5 | C80: Jan 2027 | D80: 2027-02 | E80: =IFERROR(INDEX('FAA Milestones'!$AA$5:$AA$30,MATCH($C$5,'FAA Milestones'!$A$5:$A$30,0)),"") -> 46437 | F80: =IFERROR(INDEX('FAA Milestones'!$R$5:$R$30,MATCH($C$5,'FAA Milestones'!$A$5:$A$30,0)),0) -> 44900 | H80: =IF(G80<>"",G80,IF(D80='Cluster Summary'!$D$3,$C$38,"")) | I80: =IF(H80="","Not yet reported",INDEX($D$19:$D$22,MATCH(H80,$B$19:$B$22,1))) -> Not yet reported | J80: =IF(H80="","",F80*INDEX($C$19:$C$22,MATCH(H80,$B$19:$B$22,1))) | K80: =IF(H80="","",F80-J80)
B81: M6 | C81: Feb 2027 | D81: 2027-03 | E81: =IFERROR(INDEX('FAA Milestones'!$AB$5:$AB$30,MATCH($C$5,'FAA Milestones'!$A$5:$A$30,0)),"") -> 46465 | F81: =IFERROR(INDEX('FAA Milestones'!$S$5:$S$30,MATCH($C$5,'FAA Milestones'!$A$5:$A$30,0)),0) -> 44900 | H81: =IF(G81<>"",G81,IF(D81='Cluster Summary'!$D$3,$C$38,"")) | I81: =IF(H81="","Not yet reported",INDEX($D$19:$D$22,MATCH(H81,$B$19:$B$22,1))) -> Not yet reported | J81: =IF(H81="","",F81*INDEX($C$19:$C$22,MATCH(H81,$B$19:$B$22,1))) | K81: =IF(H81="","",F81-J81)
B82: Total (M1–M6) | F82: =SUM(F76:F81) -> 269684 | J82: =SUM(J76:J81) -> 45184 | K82: =SUM(K76:K81) -> 0
B83: Check: M1–M6 max total should equal the FAA max annual payment → | F83: =IF(F82=C15,"✓ matches","✗ differs") -> ✓ matches

Sheet Facility Tracker
A1: FACILITY UPLOAD STATUS
A2: ="Upload month: "&'Cluster Summary'!D3&" | Complete = uploaded & complete · Incomplete = uploaded but flagged incomplete · Pending = not uploaded · N/A = docket not offered" -> Upload month: 2026-10 | Complete = uploaded & complete · Incomplete = uploaded but flagged incomplete · Pending = not uploaded · N/A = docket not offered
A4: Cluster | B4: County | C4: Sub-county | D4: MFL Code | E4: Facility | F4: Partner | G4: Care & Treatment | H4: HTS | I4: MNCH | J4: PrEP | K4: Dockets Pending
A5: Cluster 1 | B5: Meru | C5: Buuri | D5: 12282 | E5: Kibirichia Sub-District Hospital | F5: USAID Jamii Tekelezi | G5: =IF(COUNTIFS(Data!$A:$A,$D5,Data!$F:$F,"C&T")=0,"N/A",IF(COUNTIFS(Data!$A:$A,$D5,Data!$F:$F,"C&T",Data!$L:$L,'Cluster Summary'!$D$3,Data!$I:$I,"Complete")>0,"Complete",IF(COUNTIFS(Data!$A:$A,$D5,Data!$F:$F,"C&T",Data!$L:$L,'Cluster Summary'!$D$3)>0,"Incomplete","Pending"))) -> Complete | H5: =IF(COUNTIFS(Data!$A:$A,$D5,Data!$F:$F,"HTS")=0,"N/A",IF(COUNTIFS(Data!$A:$A,$D5,Data!$F:$F,"HTS",Data!$L:$L,'Cluster Summary'!$D$3,Data!$I:$I,"Complete")>0,"Complete",IF(COUNTIFS(Data!$A:$A,$D5,Data!$F:$F,"HTS",Data!$L:$L,'Cluster Summary'!$D$3)>0,"Incomplete","Pending"))) -> Complete | I5: =IF(COUNTIFS(Data!$A:$A,$D5,Data!$F:$F,"MNCH")=0,"N/A",IF(COUNTIFS(Data!$A:$A,$D5,Data!$F:$F,"MNCH",Data!$L:$L,'Cluster Summary'!$D$3,Data!$I:$I,"Complete")>0,"Complete",IF(COUNTIFS(Data!$A:$A,$D5,Data!$F:$F,"MNCH",Data!$L:$L,'Cluster Summary'!$D$3)>0,"Incomplete","Pending"))) -> Complete | J5: =IF(COUNTIFS(Data!$A:$A,$D5,Data!$F:$F,"PREP")=0,"N/A",IF(COUNTIFS(Data!$A:$A,$D5,Data!$F:$F,"PREP",Data!$L:$L,'Cluster Summary'!$D$3,Data!$I:$I,"Complete")>0,"Complete",IF(COUNTIFS(Data!$A:$A,$D5,Data!$F:$F,"PREP",Data!$L:$L,'Cluster Summary'!$D$3)>0,"Incomplete","Pending"))) -> Complete | K5: =COUNTIF(G5:J5,"Pending") -> 0
A6: Cluster 1 | B6: Meru | C6: Buuri | D6: 12302 | E6: Kiirua Dispensary | F6: USAID Jamii Tekelezi | G6: =IF(COUNTIFS(Data!$A:$A,$D6,Data!$F:$F,"C&T")=0,"N/A",IF(COUNTIFS(Data!$A:$A,$D6,Data!$F:$F,"C&T",Data!$L:$L,'Cluster Summary'!$D$3,Data!$I:$I,"Complete")>0,"Complete",IF(COUNTIFS(Data!$A:$A,$D6,Data!$F:$F,"C&T",Data!$L:$L,'Cluster Summary'!$D$3)>0,"Incomplete","Pending"))) -> Complete | H6: =IF(COUNTIFS(Data!$A:$A,$D6,Data!$F:$F,"HTS")=0,"N/A",IF(COUNTIFS(Data!$A:$A,$D6,Data!$F:$F,"HTS",Data!$L:$L,'Cluster Summary'!$D$3,Data!$I:$I,"Complete")>0,"Complete",IF(COUNTIFS(Data!$A:$A,$D6,Data!$F:$F,"HTS",Data!$L:$L,'Cluster Summary'!$D$3)>0,"Incomplete","Pending"))) -> Complete | I6: =IF(COUNTIFS(Data!$A:$A,$D6,Data!$F:$F,"MNCH")=0,"N/A",IF(COUNTIFS(Data!$A:$A,$D6,Data!$F:$F,"MNCH",Data!$L:$L,'Cluster Summary'!$D$3,Data!$I:$I,"Complete")>0,"Complete",IF(COUNTIFS(Data!$A:$A,$D6,Data!$F:$F,"MNCH",Data!$L:$L,'Cluster Summary'!$D$3)>0,"Incomplete","Pending"))) -> Incomplete | J6: =IF(COUNTIFS(Data!$A:$A,$D6,Data!$F:$F,"PREP")=0,"N/A",IF(COUNTIFS(Data!$A:$A,$D6,Data!$F:$F,"PREP",Data!$L:$L,'Cluster Summary'!$D$3,Data!$I:$I,"Complete")>0,"Complete",IF(COUNTIFS(Data!$A:$A,$D6,Data!$F:$F,"PREP",Data!$L:$L,'Cluster Summary'!$D$3)>0,"Incomplete","Pending"))) -> Incomplete | K6: =COUNTIF(G6:J6,"Pending") -> 0
A7: Cluster 1 | B7: Meru | C7: Buuri | D7: 12426 | E7: Lewa Downs Dispensary | F7: USAID Jamii Tekelezi | G7: =IF(COUNTIFS(Data!$A:$A,$D7,Data!$F:$F,"C&T")=0,"N/A",IF(COUNTIFS(Data!$A:$A,$D7,Data!$F:$F,"C&T",Data!$L:$L,'Cluster Summary'!$D$3,Data!$I:$I,"Complete")>0,"Complete",IF(COUNTIFS(Data!$A:$A,$D7,Data!$F:$F,"C&T",Data!$L:$L,'Cluster Summary'!$D$3)>0,"Incomplete","Pending"))) -> Complete | H7: =IF(COUNTIFS(Data!$A:$A,$D7,Data!$F:$F,"HTS")=0,"N/A",IF(COUNTIFS(Data!$A:$A,$D7,Data!$F:$F,"HTS",Data!$L:$L,'Cluster Summary'!$D$3,Data!$I:$I,"Complete")>0,"Complete",IF(COUNTIFS(Data!$A:$A,$D7,Data!$F:$F,"HTS",Data!$L:$L,'Cluster Summary'!$D$3)>0,"Incomplete","Pending"))) -> Complete | I7: =IF(COUNTIFS(Data!$A:$A,$D7,Data!$F:$F,"MNCH")=0,"N/A",IF(COUNTIFS(Data!$A:$A,$D7,Data!$F:$F,"MNCH",Data!$L:$L,'Cluster Summary'!$D$3,Data!$I:$I,"Complete")>0,"Complete",IF(COUNTIFS(Data!$A:$A,$D7,Data!$F:$F,"MNCH",Data!$L:$L,'Cluster Summary'!$D$3)>0,"Incomplete","Pending"))) -> Complete | J7: =IF(COUNTIFS(Data!$A:$A,$D7,Data!$F:$F,"PREP")=0,"N/A",IF(COUNTIFS(Data!$A:$A,$D7,Data!$F:$F,"PREP",Data!$L:$L,'Cluster Summary'!$D$3,Data!$I:$I,"Complete")>0,"Complete",IF(COUNTIFS(Data!$A:$A,$D7,Data!$F:$F,"PREP",Data!$L:$L,'Cluster Summary'!$D$3)>0,"Incomplete","Pending"))) -> Complete | K7: =COUNTIF(G7:J7,"Pending") -> 0
A8: Cluster 1 | B8: Meru | C8: Buuri | D8: 17287 | E8: Mboroga Dispensary | F8: USAID Jamii Tekelezi | G8: =IF(COUNTIFS(Data!$A:$A,$D8,Data!$F:$F,"C&T")=0,"N/A",IF(COUNTIFS(Data!$A:$A,$D8,Data!$F:$F,"C&T",Data!$L:$L,'Cluster Summary'!$D$3,Data!$I:$I,"Complete")>0,"Complete",IF(COUNTIFS(Data!$A:$A,$D8,Data!$F:$F,"C&T",Data!$L:$L,'Cluster Summary'!$D$3)>0,"Incomplete","Pending"))) -> Complete | H8: =IF(COUNTIFS(Data!$A:$A,$D8,Data!$F:$F,"HTS")=0,"N/A",IF(COUNTIFS(Data!$A:$A,$D8,Data!$F:$F,"HTS",Data!$L:$L,'Cluster Summary'!$D$3,Data!$I:$I,"Complete")>0,"Complete",IF(COUNTIFS(Data!$A:$A,$D8,Data!$F:$F,"HTS",Data!$L:$L,'Cluster Summary'!$D$3)>0,"Incomplete","Pending"))) -> Complete | I8: =IF(COUNTIFS(Data!$A:$A,$D8,Data!$F:$F,"MNCH")=0,"N/A",IF(COUNTIFS(Data!$A:$A,$D8,Data!$F:$F,"MNCH",Data!$L:$L,'Cluster Summary'!$D$3,Data!$I:$I,"Complete")>0,"Complete",IF(COUNTIFS(Data!$A:$A,$D8,Data!$F:$F,"MNCH",Data!$L:$L,'Cluster Summary'!$D$3)>0,"Incomplete","Pending"))) -> Complete | J8: =IF(COUNTIFS(Data!$A:$A,$D8,Data!$F:$F,"PREP")=0,"N/A",IF(COUNTIFS(Data!$A:$A,$D8,Data!$F:$F,"PREP",Data!$L:$L,'Cluster Summary'!$D$3,Data!$I:$I,"Complete")>0,"Complete",IF(COUNTIFS(Data!$A:$A,$D8,Data!$F:$F,"PREP",Data!$L:$L,'Cluster Summary'!$D$3)>0,"Incomplete","Pending"))) -> N/A | K8: =COUNTIF(G8:J8,"Pending") -> 0
A9: Cluster 1 | B9: Meru | C9: Buuri | D9: 12631 | E9: Naari Health Centre | F9: USAID Jamii Tekelezi | G9: =IF(COUNTIFS(Data!$A:$A,$D9,Data!$F:$F,"C&T")=0,"N/A",IF(COUNTIFS(Data!$A:$A,$D9,Data!$F:$F,"C&T",Data!$L:$L,'Cluster Summary'!$D$3,Data!$I:$I,"Complete")>0,"Complete",IF(COUNTIFS(Data!$A:$A,$D9,Data!$F:$F,"C&T",Data!$L:$L,'Cluster Summary'!$D$3)>0,"Incomplete","Pending"))) -> Complete | H9: =IF(COUNTIFS(Data!$A:$A,$D9,Data!$F:$F,"HTS")=0,"N/A",IF(COUNTIFS(Data!$A:$A,$D9,Data!$F:$F,"HTS",Data!$L:$L,'Cluster Summary'!$D$3,Data!$I:$I,"Complete")>0,"Complete",IF(COUNTIFS(Data!$A:$A,$D9,Data!$F:$F,"HTS",Data!$L:$L,'Cluster Summary'!$D$3)>0,"Incomplete","Pending"))) -> Complete | I9: =IF(COUNTIFS(Data!$A:$A,$D9,Data!$F:$F,"MNCH")=0,"N/A",IF(COUNTIFS(Data!$A:$A,$D9,Data!$F:$F,"MNCH",Data!$L:$L,'Cluster Summary'!$D$3,Data!$I:$I,"Complete")>0,"Complete",IF(COUNTIFS(Data!$A:$A,$D9,Data!$F:$F,"MNCH",Data!$L:$L,'Cluster Summary'!$D$3)>0,"Incomplete","Pending"))) -> Complete | J9: =IF(COUNTIFS(Data!$A:$A,$D9,Data!$F:$F,"PREP")=0,"N/A",IF(COUNTIFS(Data!$A:$A,$D9,Data!$F:$F,"PREP",Data!$L:$L,'Cluster Summary'!$D$3,Data!$I:$I,"Complete")>0,"Complete",IF(COUNTIFS(Data!$A:$A,$D9,Data!$F:$F,"PREP",Data!$L:$L,'Cluster Summary'!$D$3)>0,"Incomplete","Pending"))) -> Pending | K9: =COUNTIF(G9:J9,"Pending") -> 1
A10: Cluster 1 | B10: Meru | C10: Buuri | D10: 12700 | E10: Ontulili Dispensary | F10: USAID Jamii Tekelezi | G10: =IF(COUNTIFS(Data!$A:$A,$D10,Data!$F:$F,"C&T")=0,"N/A",IF(COUNTIFS(Data!$A:$A,$D10,Data!$F:$F,"C&T",Data!$L:$L,'Cluster Summary'!$D$3,Data!$I:$I,"Complete")>0,"Complete",IF(COUNTIFS(Data!$A:$A,$D10,Data!$F:$F,"C&T",Data!$L:$L,'Cluster Summary'!$D$3)>0,"Incomplete","Pending"))) -> Complete | H10: =IF(COUNTIFS(Data!$A:$A,$D10,Data!$F:$F,"HTS")=0,"N/A",IF(COUNTIFS(Data!$A:$A,$D10,Data!$F:$F,"HTS",Data!$L:$L,'Cluster Summary'!$D$3,Data!$I:$I,"Complete")>0,"Complete",IF(COUNTIFS(Data!$A:$A,$D10,Data!$F:$F,"HTS",Data!$L:$L,'Cluster Summary'!$D$3)>0,"Incomplete","Pending"))) -> Complete | I10: =IF(COUNTIFS(Data!$A:$A,$D10,Data!$F:$F,"MNCH")=0,"N/A",IF(COUNTIFS(Data!$A:$A,$D10,Data!$F:$F,"MNCH",Data!$L:$L,'Cluster Summary'!$D$3,Data!$I:$I,"Complete")>0,"Complete",IF(COUNTIFS(Data!$A:$A,$D10,Data!$F:$F,"MNCH",Data!$L:$L,'Cluster Summary'!$D$3)>0,"Incomplete","Pending"))) -> N/A | J10: =IF(COUNTIFS(Data!$A:$A,$D10,Data!$F:$F,"PREP")=0,"N/A",IF(COUNTIFS(Data!$A:$A,$D10,Data!$F:$F,"PREP",Data!$L:$L,'Cluster Summary'!$D$3,Data!$I:$I,"Complete")>0,"Complete",IF(COUNTIFS(Data!$A:$A,$D10,Data!$F:$F,"PREP",Data!$L:$L,'Cluster Summary'!$D$3)>0,"Incomplete","Pending"))) -> Pending | K10: =COUNTIF(G10:J10,"Pending") -> 1
A11: Cluster 1 | B11: Meru | C11: Buuri | D11: 12717 | E11: Ruiri Rural Health Demonstration Centre | F11: USAID Jamii Tekelezi | G11: =IF(COUNTIFS(Data!$A:$A,$D11,Data!$F:$F,"C&T")=0,"N/A",IF(COUNTIFS(Data!$A:$A,$D11,Data!$F:$F,"C&T",Data!$L:$L,'Cluster Summary'!$D$3,Data!$I:$I,"Complete")>0,"Complete",IF(COUNTIFS(Data!$A:$A,$D11,Data!$F:$F,"C&T",Data!$L:$L,'Cluster Summary'!$D$3)>0,"Incomplete","Pending"))) -> Complete | H11: =IF(COUNTIFS(Data!$A:$A,$D11,Data!$F:$F,"HTS")=0,"N/A",IF(COUNTIFS(Data!$A:$A,$D11,Data!$F:$F,"HTS",Data!$L:$L,'Cluster Summary'!$D$3,Data!$I:$I,"Complete")>0,"Complete",IF(COUNTIFS(Data!$A:$A,$D11,Data!$F:$F,"HTS",Data!$L:$L,'Cluster Summary'!$D$3)>0,"Incomplete","Pending"))) -> Complete | I11: =IF(COUNTIFS(Data!$A:$A,$D11,Data!$F:$F,"MNCH")=0,"N/A",IF(COUNTIFS(Data!$A:$A,$D11,Data!$F:$F,"MNCH",Data!$L:$L,'Cluster Summary'!$D$3,Data!$I:$I,"Complete")>0,"Complete",IF(COUNTIFS(Data!$A:$A,$D11,Data!$F:$F,"MNCH",Data!$L:$L,'Cluster Summary'!$D$3)>0,"Incomplete","Pending"))) -> Complete | J11: =IF(COUNTIFS(Data!$A:$A,$D11,Data!$F:$F,"PREP")=0,"N/A",IF(COUNTIFS(Data!$A:$A,$D11,Data!$F:$F,"PREP",Data!$L:$L,'Cluster Summary'!$D$3,Data!$I:$I,"Complete")>0,"Complete",IF(COUNTIFS(Data!$A:$A,$D11,Data!$F:$F,"PREP",Data!$L:$L,'Cluster Summary'!$D$3)>0,"Incomplete","Pending"))) -> N/A | K11: =COUNTIF(G11:J11,"Pending") -> 0
A12: Cluster 1 | B12: Meru | C12: Buuri | D12: 12303 | E12: St Theresa Hospital (Kiirua) | F12: USAID Jamii Tekelezi | G12: =IF(COUNTIFS(Data!$A:$A,$D12,Data!$F:$F,"C&T")=0,"N/A",IF(COUNTIFS(Data!$A:$A,$D12,Data!$F:$F,"C&T",Data!$L:$L,'Cluster Summary'!$D$3,Data!$I:$I,"Complete")>0,"Complete",IF(COUNTIFS(Data!$A:$A,$D12,Data!$F:$F,"C&T",Data!$L:$L,'Cluster Summary'!$D$3)>0,"Incomplete","Pending"))) -> Complete | H12: =IF(COUNTIFS(Data!$A:$A,$D12,Data!$F:$F,"HTS")=0,"N/A",IF(COUNTIFS(Data!$A:$A,$D12,Data!$F:$F,"HTS",Data!$L:$L,'Cluster Summary'!$D$3,Data!$I:$I,"Complete")>0,"Complete",IF(COUNTIFS(Data!$A:$A,$D12,Data!$F:$F,"HTS",Data!$L:$L,'Cluster Summary'!$D$3)>0,"Incomplete","Pending"))) -> Complete | I12: =IF(COUNTIFS(Data!$A:$A,$D12,Data!$F:$F,"MNCH")=0,"N/A",IF(COUNTIFS(Data!$A:$A,$D12,Data!$F:$F,"MNCH",Data!$L:$L,'Cluster Summary'!$D$3,Data!$I:$I,"Complete")>0,"Complete",IF(COUNTIFS(Data!$A:$A,$D12,Data!$F:$F,"MNCH",Data!$L:$L,'Cluster Summary'!$D$3)>0,"Incomplete","Pending"))) -> Complete | J12: =IF(COUNTIFS(Data!$A:$A,$D12,Data!$F:$F,"PREP")=0,"N/A",IF(COUNTIFS(Data!$A:$A,$D12,Data!$F:$F,"PREP",Data!$L:$L,'Cluster Summary'!$D$3,Data!$I:$I,"Complete")>0,"Complete",IF(COUNTIFS(Data!$A:$A,$D12,Data!$F:$F,"PREP",Data!$L:$L,'Cluster Summary'!$D$3)>0,"Incomplete","Pending"))) -> Complete | K12: =COUNTIF(G12:J12,"Pending") -> 0
A13: Cluster 1 | B13: Meru | C13: Buuri | D13: 12802 | E13: Timau Sub-County Hospital | F13: USAID Jamii Tekelezi | G13: =IF(COUNTIFS(Data!$A:$A,$D13,Data!$F:$F,"C&T")=0,"N/A",IF(COUNTIFS(Data!$A:$A,$D13,Data!$F:$F,"C&T",Data!$L:$L,'Cluster Summary'!$D$3,Data!$I:$I,"Complete")>0,"Complete",IF(COUNTIFS(Data!$A:$A,$D13,Data!$F:$F,"C&T",Data!$L:$L,'Cluster Summary'!$D$3)>0,"Incomplete","Pending"))) -> Complete | H13: =IF(COUNTIFS(Data!$A:$A,$D13,Data!$F:$F,"HTS")=0,"N/A",IF(COUNTIFS(Data!$A:$A,$D13,Data!$F:$F,"HTS",Data!$L:$L,'Cluster Summary'!$D$3,Data!$I:$I,"Complete")>0,"Complete",IF(COUNTIFS(Data!$A:$A,$D13,Data!$F:$F,"HTS",Data!$L:$L,'Cluster Summary'!$D$3)>0,"Incomplete","Pending"))) -> Complete | I13: =IF(COUNTIFS(Data!$A:$A,$D13,Data!$F:$F,"MNCH")=0,"N/A",IF(COUNTIFS(Data!$A:$A,$D13,Data!$F:$F,"MNCH",Data!$L:$L,'Cluster Summary'!$D$3,Data!$I:$I,"Complete")>0,"Complete",IF(COUNTIFS(Data!$A:$A,$D13,Data!$F:$F,"MNCH",Data!$L:$L,'Cluster Summary'!$D$3)>0,"Incomplete","Pending"))) -> Complete | J13: =IF(COUNTIFS(Data!$A:$A,$D13,Data!$F:$F,"PREP")=0,"N/A",IF(COUNTIFS(Data!$A:$A,$D13,Data!$F:$F,"PREP",Data!$L:$L,'Cluster Summary'!$D$3,Data!$I:$I,"Complete")>0,"Complete",IF(COUNTIFS(Data!$A:$A,$D13,Data!$F:$F,"PREP",Data!$L:$L,'Cluster Summary'!$D$3)>0,"Incomplete","Pending"))) -> Complete | K13: =COUNTIF(G13:J13,"Pending") -> 0
A14: Cluster 1 | B14: Meru | C14: Igembe Central | D14: 12174 | E14: Kangeta Heaith Centre | F14: USAID Jamii Tekelezi | G14: =IF(COUNTIFS(Data!$A:$A,$D14,Data!$F:$F,"C&T")=0,"N/A",IF(COUNTIFS(Data!$A:$A,$D14,Data!$F:$F,"C&T",Data!$L:$L,'Cluster Summary'!$D$3,Data!$I:$I,"Complete")>0,"Complete",IF(COUNTIFS(Data!$A:$A,$D14,Data!$F:$F,"C&T",Data!$L:$L,'Cluster Summary'!$D$3)>0,"Incomplete","Pending"))) -> Complete | H14: =IF(COUNTIFS(Data!$A:$A,$D14,Data!$F:$F,"HTS")=0,"N/A",IF(COUNTIFS(Data!$A:$A,$D14,Data!$F:$F,"HTS",Data!$L:$L,'Cluster Summary'!$D$3,Data!$I:$I,"Complete")>0,"Complete",IF(COUNTIFS(Data!$A:$A,$D14,Data!$F:$F,"HTS",Data!$L:$L,'Cluster Summary'!$D$3)>0,"Incomplete","Pending"))) -> Complete | I14: =IF(COUNTIFS(Data!$A:$A,$D14,Data!$F:$F,"MNCH")=0,"N/A",IF(COUNTIFS(Data!$A:$A,$D14,Data!$F:$F,"MNCH",Data!$L:$L,'Cluster Summary'!$D$3,Data!$I:$I,"Complete")>0,"Complete",IF(COUNTIFS(Data!$A:$A,$D14,Data!$F:$F,"MNCH",Data!$L:$L,'Cluster Summary'!$D$3)>0,"Incomplete","Pending"))) -> Complete | J14: =IF(COUNTIFS(Data!$A:$A,$D14,Data!$F:$F,"PREP")=0,"N/A",IF(COUNTIFS(Data!$A:$A,$D14,Data!$F:$F,"PREP",Data!$L:$L,'Cluster Summary'!$D$3,Data!$I:$I,"Complete")>0,"Complete",IF(COUNTIFS(Data!$A:$A,$D14,Data!$F:$F,"PREP",Data!$L:$L,'Cluster Summary'!$D$3)>0,"Incomplete","Pending"))) -> Pending | K14: =COUNTIF(G14:J14,"Pending") -> 1
A15: Cluster 1 | B15: Meru | C15: Igembe Central | D15: 17262 | E15: Kawiru Dispensary | F15: USAID Jamii Tekelezi | G15: =IF(COUNTIFS(Data!$A:$A,$D15,Data!$F:$F,"C&T")=0,"N/A",IF(COUNTIFS(Data!$A:$A,$D15,Data!$F:$F,"C&T",Data!$L:$L,'Cluster Summary'!$D$3,Data!$I:$I,"Complete")>0,"Complete",IF(COUNTIFS(Data!$A:$A,$D15,Data!$F:$F,"C&T",Data!$L:$L,'Cluster Summary'!$D$3)>0,"Incomplete","Pending"))) -> Complete | H15: =IF(COUNTIFS(Data!$A:$A,$D15,Data!$F:$F,"HTS")=0,"N/A",IF(COUNTIFS(Data!$A:$A,$D15,Data!$F:$F,"HTS",Data!$L:$L,'Cluster Summary'!$D$3,Data!$I:$I,"Complete")>0,"Complete",IF(COUNTIFS(Data!$A:$A,$D15,Data!$F:$F,"HTS",Data!$L:$L,'Cluster Summary'!$D$3)>0,"Incomplete","Pending"))) -> Complete | I15: =IF(COUNTIFS(Data!$A:$A,$D15,Data!$F:$F,"MNCH")=0,"N/A",IF(COUNTIFS(Data!$A:$A,$D15,Data!$F:$F,"MNCH",Data!$L:$L,'Cluster Summary'!$D$3,Data!$I:$I,"Complete")>0,"Complete",IF(COUNTIFS(Data!$A:$A,$D15,Data!$F:$F,"MNCH",Data!$L:$L,'Cluster Summary'!$D$3)>0,"Incomplete","Pending"))) -> N/A | J15: =IF(COUNTIFS(Data!$A:$A,$D15,Data!$F:$F,"PREP")=0,"N/A",IF(COUNTIFS(Data!$A:$A,$D15,Data!$F:$F,"PREP",Data!$L:$L,'Cluster Summary'!$D$3,Data!$I:$I,"Complete")>0,"Complete",IF(COUNTIFS(Data!$A:$A,$D15,Data!$F:$F,"PREP",Data!$L:$L,'Cluster Summary'!$D$3)>0,"Incomplete","Pending"))) -> N/A | K15: =COUNTIF(G15:J15,"Pending") -> 0
A16: Cluster 1 | B16: Meru | C16: Igembe Central | D16: 12319 | E16: Kina Dispensary | F16: USAID Jamii Tekelezi | G16: =IF(COUNTIFS(Data!$A:$A,$D16,Data!$F:$F,"C&T")=0,"N/A",IF(COUNTIFS(Data!$A:$A,$D16,Data!$F:$F,"C&T",Data!$L:$L,'Cluster Summary'!$D$3,Data!$I:$I,"Complete")>0,"Complete",IF(COUNTIFS(Data!$A:$A,$D16,Data!$F:$F,"C&T",Data!$L:$L,'Cluster Summary'!$D$3)>0,"Incomplete","Pending"))) -> Complete | H16: =IF(COUNTIFS(Data!$A:$A,$D16,Data!$F:$F,"HTS")=0,"N/A",IF(COUNTIFS(Data!$A:$A,$D16,Data!$F:$F,"HTS",Data!$L:$L,'Cluster Summary'!$D$3,Data!$I:$I,"Complete")>0,"Complete",IF(COUNTIFS(Data!$A:$A,$D16,Data!$F:$F,"HTS",Data!$L:$L,'Cluster Summary'!$D$3)>0,"Incomplete","Pending"))) -> Complete | I16: =IF(COUNTIFS(Data!$A:$A,$D16,Data!$F:$F,"MNCH")=0,"N/A",IF(COUNTIFS(Data!$A:$A,$D16,Data!$F:$F,"MNCH",Data!$L:$L,'Cluster Summary'!$D$3,Data!$I:$I,"Complete")>0,"Complete",IF(COUNTIFS(Data!$A:$A,$D16,Data!$F:$F,"MNCH",Data!$L:$L,'Cluster Summary'!$D$3)>0,"Incomplete","Pending"))) -> Complete | J16: =IF(COUNTIFS(Data!$A:$A,$D16,Data!$F:$F,"PREP")=0,"N/A",IF(COUNTIFS(Data!$A:$A,$D16,Data!$F:$F,"PREP",Data!$L:$L,'Cluster Summary'!$D$3,Data!$I:$I,"Complete")>0,"Complete",IF(COUNTIFS(Data!$A:$A,$D16,Data!$F:$F,"PREP",Data!$L:$L,'Cluster Summary'!$D$3)>0,"Incomplete","Pending"))) -> Complete | K16: =COUNTIF(G16:J16,"Pending") -> 0
... A212: Cluster 5 | B212: Machakos | C212: Yatta | D212: 12489 | E212: Matuu Mission Health Centre | F212: CHAK CHAP STAWISHA | G212: =IF(COUNTIFS(Data!$A:$A,$D212,Data!$F:$F,"C&T")=0,"N/A",IF(COUNTIFS(Data!$A:$A,$D212,Data!$F:$F,"C&T",Data!$L:$L,'Cluster Summary'!$D$3,Data!$I:$I,"Complete")>0,"Complete",IF(COUNTIFS(Data!$A:$A,$D212,Data!$F:$F,"C&T",Data!$L:$L,'Cluster Summary'!$D$3)>0,"Incomplete","Pending"))) -> Complete | H212: =IF(COUNTIFS(Data!$A:$A,$D212,Data!$F:$F,"HTS")=0,"N/A",IF(COUNTIFS(Data!$A:$A,$D212,Data!$F:$F,"HTS",Data!$L:$L,'Cluster Summary'!$D$3,Data!$I:$I,"Complete")>0,"Complete",IF(COUNTIFS(Data!$A:$A,$D212,Data!$F:$F,"HTS",Data!$L:$L,'Cluster Summary'!$D$3)>0,"Incomplete","Pending"))) -> Complete | I212: =IF(COUNTIFS(Data!$A:$A,$D212,Data!$F:$F,"MNCH")=0,"N/A",IF(COUNTIFS(Data!$A:$A,$D212,Data!$F:$F,"MNCH",Data!$L:$L,'Cluster Summary'!$D$3,Data!$I:$I,"Complete")>0,"Complete",IF(COUNTIFS(Data!$A:$A,$D212,Data!$F:$F,"MNCH",Data!$L:$L,'Cluster Summary'!$D$3)>0,"Incomplete","Pending"))) -> Complete | J212: =IF(COUNTIFS(Data!$A:$A,$D212,Data!$F:$F,"PREP")=0,"N/A",IF(COUNTIFS(Data!$A:$A,$D212,Data!$F:$F,"PREP",Data!$L:$L,'Cluster Summary'!$D$3,Data!$I:$I,"Complete")>0,"Complete",IF(COUNTIFS(Data!$A:$A,$D212,Data!$F:$F,"PREP",Data!$L:$L,'Cluster Summary'!$D$3)>0,"Incomplete","Pending"))) -> Complete | K212: =COUNTIF(G212:J212,"Pending") -> 0

Sheet Live Data
B1: LIVE DATA CONNECTION — SPOT / DWAPI
B2: Option 1 (active): the tracker reads the newest SPOT export saved in one folder. Click Data → Refresh All and every sheet updates.
B4: 1. Settings
B5: SPOT export folder (full path) | C5: W:\Dwapi Uploads\SPOT Exports
B6: Rows currently loaded | C6: =COUNTIF(Data!$A$2:$A$2500,">0") -> 1115
B7: Upload months present | C7: =COUNTIF(Data!$L$2:$L$2500,'Cluster Summary'!$D$3)&" rows in "&'Cluster Summary'!$D$3&" (selected upload month)" -> 750 rows in 2026-10 (selected upload month)
B8: Source file loaded | C8: =IFERROR(INDEX(SPOT_Import!$A$2:$Z$2,MATCH("Source File",SPOT_Import!$A$1:$Z$1,0)),"(pasted data)") -> download (39).csv
B10: 2. Column check (SPOT_Import headers)
B11: Tracker field | C11: Column # in SPOT_Import | D11: Status
B12: Code | C12: =IFERROR(MATCH(B12,SPOT_Import!$1:$1,0),99) -> 1 | D12: =IF(C12=99,"✗ missing — rename the header in SPOT_Import","✓ found") -> ✓ found
B13: Facility | C13: =IFERROR(MATCH(B13,SPOT_Import!$1:$1,0),99) -> 2 | D13: =IF(C13=99,"✗ missing — rename the header in SPOT_Import","✓ found") -> ✓ found
B14: County | C14: =IFERROR(MATCH(B14,SPOT_Import!$1:$1,0),99) -> 3 | D14: =IF(C14=99,"✗ missing — rename the header in SPOT_Import","✓ found") -> ✓ found
B15: Sub-county | C15: =IFERROR(MATCH(B15,SPOT_Import!$1:$1,0),99) -> 4 | D15: =IF(C15=99,"✗ missing — rename the header in SPOT_Import","✓ found") -> ✓ found
B16: Partner | C16: =IFERROR(MATCH(B16,SPOT_Import!$1:$1,0),99) -> 5 | D16: =IF(C16=99,"✗ missing — rename the header in SPOT_Import","✓ found") -> ✓ found
B17: Docket | C17: =IFERROR(MATCH(B17,SPOT_Import!$1:$1,0),99) -> 6 | D17: =IF(C17=99,"✗ missing — rename the header in SPOT_Import","✓ found") -> ✓ found
B18: Expected | C18: =IFERROR(MATCH(B18,SPOT_Import!$1:$1,0),99) -> 7 | D18: =IF(C18=99,"✗ missing — rename the header in SPOT_Import","✓ found") -> ✓ found
B19: Received | C19: =IFERROR(MATCH(B19,SPOT_Import!$1:$1,0),99) -> 8 | D19: =IF(C19=99,"✗ missing — rename the header in SPOT_Import","✓ found") -> ✓ found
B20: Status | C20: =IFERROR(MATCH(B20,SPOT_Import!$1:$1,0),99) -> 9 | D20: =IF(C20=99,"✗ missing — rename the header in SPOT_Import","✓ found") -> ✓ found
B21: Updated | C21: =IFERROR(MATCH(B21,SPOT_Import!$1:$1,0),99) -> 10 | D21: =IF(C21=99,"✗ missing — rename the header in SPOT_Import","✓ found") -> ✓ found
B22: logDate | C22: =IFERROR(MATCH(B22,SPOT_Import!$1:$1,0),99) -> 11 | D22: =IF(C22=99,"✗ missing — rename the header in SPOT_Import","✓ found") -> ✓ found
B24: 3. One-time setup in Excel (about 5 minutes, Excel 2016 / Microsoft 365 on Windows)
B25: Step 1 | C25: Create a folder for SPOT exports (e.g. Documents\SPOT Exports) and type its full path in the yellow cell C5 above.
B26: Step 2 | C26: Download the facility upload list from SPOT as usual and save it in that folder (.xlsx or .csv). Keep old files if you like — the newest one is used.
B27: Step 3 | C27: In Excel: Data → Get Data → From Other Sources → Blank Query. In the Power Query window click Advanced Editor.
B28: Step 4 | C28: Delete everything in the editor, paste the code in section 4 below (cells B36:B68, or the SPOT_Feed_PowerQuery.txt file), click Done. Rename the query (right pane) to SPOT_Feed.
B29: Step 5 | C29: If asked about privacy levels, choose "Ignore Privacy Levels" (both sources are your own files) or set both to Organizational.
B30: Step 6 | C30: Home → Close & Load To… → Table → Existing worksheet → =SPOT_Import!$A$1. Say OK to replace the sample August data on that sheet.
B31: Step 7 | C31: Data → Queries & Connections → right-click SPOT_Feed → Properties → tick "Refresh data when opening the file" (optional: "Refresh every 60 minutes").
B32: Step 8 | C32: From then on: save the new SPOT export in the folder → Data → Refresh All. Set the reporting period and upload month (yellow cells) on Cluster Summary.
B33: Step 9 | C33: Check section 2 above shows "✓ found" for every field. If SPOT renames a column, fix the header in SPOT_Import or the name list in the query.
B35: 4. Power Query code (SPOT_Feed) — copy cells B36 to B68 into the Advanced Editor
B36: // ===== SPOT_Feed : loads the newest SPOT / DWAPI export from the folder named in the cell "SpotFolder" =====
B37: let
B38: FolderPath = Text.Trim(Text.From(Excel.CurrentWorkbook(){[Name="SpotFolder"]}[Content]{0}[Column1])),
B39: Files = Folder.Files(FolderPath),
B40: Usable = Table.SelectRows(Files, each List.Contains({".xlsx", ".xls", ".csv"}, Text.Lower([Extension]))
B41: and not Text.StartsWith([Name], "~$")),
B42: Latest = Table.First(Table.Sort(Usable, {{"Date modified", Order.Descending}})),
B43: Raw =
B44: if Text.Lower(Latest[Extension]) = ".csv" then
B45: Table.PromoteHeaders(
B46: Csv.Document(Latest[Content], [Delimiter = ",", Encoding = 65001, QuoteStyle = QuoteStyle.Csv]),
... B73: • KHIS (hiskenya.org, DHIS2) reporting rates can be added the same way as a second query; you enter your own KHIS login in Excel's credential prompt.

Sheet Cluster Map
A1: Cluster Map — edit here if a county moves cluster
A3: Cluster | B3: County (as in DWAPI, upper case) | C3: County label
A4: Cluster 1 | B4: MERU | C4: Meru
A5: Cluster 1 | B5: LAIKIPIA | C5: Laikipia
A6: Cluster 2 | B6: EMBU | C6: Embu
A7: Cluster 2 | B7: THARAKA-NITHI | C7: Tharaka-Nithi
A8: Cluster 2 | B8: KIRINYAGA | C8: Kirinyaga
A9: Cluster 2 | B9: NYERI | C9: Nyeri
A10: Cluster 3 | B10: KIAMBU | C10: Kiambu
A11: Cluster 3 | B11: MURANG'A | C11: Murang'a
A12: Cluster 3 | B12: KAJIADO | C12: Kajiado
A13: Cluster 4 | B13: NYANDARUA | C13: Nyandarua
A14: Cluster 4 | B14: NAROK | C14: Narok
... A18: Cluster 5 | B18: MACHAKOS | C18: Machakos
A20: Source: cluster/county allocation from the "Site Census" sheet of IMPROVED VERSION.xlsx. Blue text = editable inputs.

Sheet Data
A1: Code | B1: Facility | C1: County | D1: Sub-county | E1: Partner | F1: Docket | G1: Expected | H1: Received | I1: Status | J1: Updated | K1: logDate | L1: Upload Month | M1: County (clean) | N1: Cluster | O1: Upload Count Flag | P1: Expected Site Flag
A2: =IFERROR(IF(INDEX(SPOT_Import!$A$1:$Z$2488,2,'Live Data'!$C$12)="","",INDEX(SPOT_Import!$A$1:$Z$2488,2,'Live Data'!$C$12)),"") -> 12802 | B2: =IFERROR(IF(INDEX(SPOT_Import!$A$1:$Z$2488,2,'Live Data'!$C$13)="","",INDEX(SPOT_Import!$A$1:$Z$2488,2,'Live Data'!$C$13)),"") -> Timau Sub-District Hospital | C2: =IFERROR(IF(INDEX(SPOT_Import!$A$1:$Z$2488,2,'Live Data'!$C$14)="","",INDEX(SPOT_Import!$A$1:$Z$2488,2,'Live Data'!$C$14)),"") -> MERU | D2: =IFERROR(IF(INDEX(SPOT_Import!$A$1:$Z$2488,2,'Live Data'!$C$15)="","",INDEX(SPOT_Import!$A$1:$Z$2488,2,'Live Data'!$C$15)),"") -> Buuri | E2: =IFERROR(IF(INDEX(SPOT_Import!$A$1:$Z$2488,2,'Live Data'!$C$16)="","",INDEX(SPOT_Import!$A$1:$Z$2488,2,'Live Data'!$C$16)),"") -> USAID Jamii Tekelezi | F2: =IFERROR(IF(INDEX(SPOT_Import!$A$1:$Z$2488,2,'Live Data'!$C$17)="","",INDEX(SPOT_Import!$A$1:$Z$2488,2,'Live Data'!$C$17)),"") -> C&T | G2: =IFERROR(IF(INDEX(SPOT_Import!$A$1:$Z$2488,2,'Live Data'!$C$18)="","",INDEX(SPOT_Import!$A$1:$Z$2488,2,'Live Data'!$C$18)),"") -> 1500 | H2: =IFERROR(IF(INDEX(SPOT_Import!$A$1:$Z$2488,2,'Live Data'!$C$19)="","",INDEX(SPOT_Import!$A$1:$Z$2488,2,'Live Data'!$C$19)),"") -> 1500 | I2: =IFERROR(IF(INDEX(SPOT_Import!$A$1:$Z$2488,2,'Live Data'!$C$20)="","",INDEX(SPOT_Import!$A$1:$Z$2488,2,'Live Data'!$C$20)),"") -> Complete | J2: =IFERROR(IF(INDEX(SPOT_Import!$A$1:$Z$2488,2,'Live Data'!$C$21)="","",INDEX(SPOT_Import!$A$1:$Z$2488,2,'Live Data'!$C$21)),"") -> 2026-10-14T18:22:10.000Z | K2: =IFERROR(IF(INDEX(SPOT_Import!$A$1:$Z$2488,2,'Live Data'!$C$22)="","",INDEX(SPOT_Import!$A$1:$Z$2488,2,'Live Data'!$C$22)),"") -> 2026-10-14T18:22:10.000Z | L2: =IF(A2="","",IF(ISNUMBER(K2),TEXT(K2,"yyyy-mm"),LEFT(K2,7))) -> 2026-10 | M2: =IF(A2="","",UPPER(TRIM(SUBSTITUTE(C2," - ","-")))) -> MERU | N2: =IF(A2="","",IFERROR(INDEX('Cluster Map'!$A$4:$A$38,MATCH(M2,'Cluster Map'!$B$4:$B$38,0)),"Unmapped")) -> Cluster 1 | O2: =IF(A2="",0,IF(COUNTIFS($A$2:A2,A2,$F$2:F2,F2,$L$2:L2,L2)=1,1,0)) -> 1 | P2: =IF(A2="",0,IF(AND(F2="C&T",COUNTIFS($A$2:A2,A2,$F$2:F2,"C&T")=1),1,0)) -> 1
A3: =IFERROR(IF(INDEX(SPOT_Import!$A$1:$Z$2488,3,'Live Data'!$C$12)="","",INDEX(SPOT_Import!$A$1:$Z$2488,3,'Live Data'!$C$12)),"") -> 12719 | B3: =IFERROR(IF(INDEX(SPOT_Import!$A$1:$Z$2488,3,'Live Data'!$C$13)="","",INDEX(SPOT_Import!$A$1:$Z$2488,3,'Live Data'!$C$13)),"") -> Runyenjes District Hospital | C3: =IFERROR(IF(INDEX(SPOT_Import!$A$1:$Z$2488,3,'Live Data'!$C$14)="","",INDEX(SPOT_Import!$A$1:$Z$2488,3,'Live Data'!$C$14)),"") -> EMBU | D3: =IFERROR(IF(INDEX(SPOT_Import!$A$1:$Z$2488,3,'Live Data'!$C$15)="","",INDEX(SPOT_Import!$A$1:$Z$2488,3,'Live Data'!$C$15)),"") -> Runyenjes | E3: =IFERROR(IF(INDEX(SPOT_Import!$A$1:$Z$2488,3,'Live Data'!$C$16)="","",INDEX(SPOT_Import!$A$1:$Z$2488,3,'Live Data'!$C$16)),"") -> USAID Jamii Tekelezi | F3: =IFERROR(IF(INDEX(SPOT_Import!$A$1:$Z$2488,3,'Live Data'!$C$17)="","",INDEX(SPOT_Import!$A$1:$Z$2488,3,'Live Data'!$C$17)),"") -> PREP | G3: =IFERROR(IF(INDEX(SPOT_Import!$A$1:$Z$2488,3,'Live Data'!$C$18)="","",INDEX(SPOT_Import!$A$1:$Z$2488,3,'Live Data'!$C$18)),"") -> 463 | H3: =IFERROR(IF(INDEX(SPOT_Import!$A$1:$Z$2488,3,'Live Data'!$C$19)="","",INDEX(SPOT_Import!$A$1:$Z$2488,3,'Live Data'!$C$19)),"") | I3: =IFERROR(IF(INDEX(SPOT_Import!$A$1:$Z$2488,3,'Live Data'!$C$20)="","",INDEX(SPOT_Import!$A$1:$Z$2488,3,'Live Data'!$C$20)),"") -> Incomplete | J3: =IFERROR(IF(INDEX(SPOT_Import!$A$1:$Z$2488,3,'Live Data'!$C$21)="","",INDEX(SPOT_Import!$A$1:$Z$2488,3,'Live Data'!$C$21)),"") -> 2026-10-14T09:19:24.000Z | K3: =IFERROR(IF(INDEX(SPOT_Import!$A$1:$Z$2488,3,'Live Data'!$C$22)="","",INDEX(SPOT_Import!$A$1:$Z$2488,3,'Live Data'!$C$22)),"") -> 2026-10-14T09:19:24.000Z | L3: =IF(A3="","",IF(ISNUMBER(K3),TEXT(K3,"yyyy-mm"),LEFT(K3,7))) -> 2026-10 | M3: =IF(A3="","",UPPER(TRIM(SUBSTITUTE(C3," - ","-")))) -> EMBU | N3: =IF(A3="","",IFERROR(INDEX('Cluster Map'!$A$4:$A$38,MATCH(M3,'Cluster Map'!$B$4:$B$38,0)),"Unmapped")) -> Cluster 2 | O3: =IF(A3="",0,IF(COUNTIFS($A$2:A3,A3,$F$2:F3,F3,$L$2:L3,L3)=1,1,0)) -> 1 | P3: =IF(A3="",0,IF(AND(F3="C&T",COUNTIFS($A$2:A3,A3,$F$2:F3,"C&T")=1),1,0)) -> 0
A4: =IFERROR(IF(INDEX(SPOT_Import!$A$1:$Z$2488,4,'Live Data'!$C$12)="","",INDEX(SPOT_Import!$A$1:$Z$2488,4,'Live Data'!$C$12)),"") -> 12719 | B4: =IFERROR(IF(INDEX(SPOT_Import!$A$1:$Z$2488,4,'Live Data'!$C$13)="","",INDEX(SPOT_Import!$A$1:$Z$2488,4,'Live Data'!$C$13)),"") -> Runyenjes District Hospital | C4: =IFERROR(IF(INDEX(SPOT_Import!$A$1:$Z$2488,4,'Live Data'!$C$14)="","",INDEX(SPOT_Import!$A$1:$Z$2488,4,'Live Data'!$C$14)),"") -> EMBU | D4: =IFERROR(IF(INDEX(SPOT_Import!$A$1:$Z$2488,4,'Live Data'!$C$15)="","",INDEX(SPOT_Import!$A$1:$Z$2488,4,'Live Data'!$C$15)),"") -> Runyenjes | E4: =IFERROR(IF(INDEX(SPOT_Import!$A$1:$Z$2488,4,'Live Data'!$C$16)="","",INDEX(SPOT_Import!$A$1:$Z$2488,4,'Live Data'!$C$16)),"") -> USAID Jamii Tekelezi | F4: =IFERROR(IF(INDEX(SPOT_Import!$A$1:$Z$2488,4,'Live Data'!$C$17)="","",INDEX(SPOT_Import!$A$1:$Z$2488,4,'Live Data'!$C$17)),"") -> MNCH | G4: =IFERROR(IF(INDEX(SPOT_Import!$A$1:$Z$2488,4,'Live Data'!$C$18)="","",INDEX(SPOT_Import!$A$1:$Z$2488,4,'Live Data'!$C$18)),"") -> 74 | H4: =IFERROR(IF(INDEX(SPOT_Import!$A$1:$Z$2488,4,'Live Data'!$C$19)="","",INDEX(SPOT_Import!$A$1:$Z$2488,4,'Live Data'!$C$19)),"") -> 74 | I4: =IFERROR(IF(INDEX(SPOT_Import!$A$1:$Z$2488,4,'Live Data'!$C$20)="","",INDEX(SPOT_Import!$A$1:$Z$2488,4,'Live Data'!$C$20)),"") -> Complete | J4: =IFERROR(IF(INDEX(SPOT_Import!$A$1:$Z$2488,4,'Live Data'!$C$21)="","",INDEX(SPOT_Import!$A$1:$Z$2488,4,'Live Data'!$C$21)),"") -> 2026-10-14T09:19:00.000Z | K4: =IFERROR(IF(INDEX(SPOT_Import!$A$1:$Z$2488,4,'Live Data'!$C$22)="","",INDEX(SPOT_Import!$A$1:$Z$2488,4,'Live Data'!$C$22)),"") -> 2026-10-14T09:19:00.000Z | L4: =IF(A4="","",IF(ISNUMBER(K4),TEXT(K4,"yyyy-mm"),LEFT(K4,7))) -> 2026-10 | M4: =IF(A4="","",UPPER(TRIM(SUBSTITUTE(C4," - ","-")))) -> EMBU | N4: =IF(A4="","",IFERROR(INDEX('Cluster Map'!$A$4:$A$38,MATCH(M4,'Cluster Map'!$B$4:$B$38,0)),"Unmapped")) -> Cluster 2 | O4: =IF(A4="",0,IF(COUNTIFS($A$2:A4,A4,$F$2:F4,F4,$L$2:L4,L4)=1,1,0)) -> 1 | P4: =IF(A4="",0,IF(AND(F4="C&T",COUNTIFS($A$2:A4,A4,$F$2:F4,"C&T")=1),1,0)) -> 0
A5: =IFERROR(IF(INDEX(SPOT_Import!$A$1:$Z$2488,5,'Live Data'!$C$12)="","",INDEX(SPOT_Import!$A$1:$Z$2488,5,'Live Data'!$C$12)),"") -> 12719 | B5: =IFERROR(IF(INDEX(SPOT_Import!$A$1:$Z$2488,5,'Live Data'!$C$13)="","",INDEX(SPOT_Import!$A$1:$Z$2488,5,'Live Data'!$C$13)),"") -> Runyenjes District Hospital | C5: =IFERROR(IF(INDEX(SPOT_Import!$A$1:$Z$2488,5,'Live Data'!$C$14)="","",INDEX(SPOT_Import!$A$1:$Z$2488,5,'Live Data'!$C$14)),"") -> EMBU | D5: =IFERROR(IF(INDEX(SPOT_Import!$A$1:$Z$2488,5,'Live Data'!$C$15)="","",INDEX(SPOT_Import!$A$1:$Z$2488,5,'Live Data'!$C$15)),"") -> Runyenjes | E5: =IFERROR(IF(INDEX(SPOT_Import!$A$1:$Z$2488,5,'Live Data'!$C$16)="","",INDEX(SPOT_Import!$A$1:$Z$2488,5,'Live Data'!$C$16)),"") -> USAID Jamii Tekelezi | F5: =IFERROR(IF(INDEX(SPOT_Import!$A$1:$Z$2488,5,'Live Data'!$C$17)="","",INDEX(SPOT_Import!$A$1:$Z$2488,5,'Live Data'!$C$17)),"") -> HTS | G5: =IFERROR(IF(INDEX(SPOT_Import!$A$1:$Z$2488,5,'Live Data'!$C$18)="","",INDEX(SPOT_Import!$A$1:$Z$2488,5,'Live Data'!$C$18)),"") -> 4214 | H5: =IFERROR(IF(INDEX(SPOT_Import!$A$1:$Z$2488,5,'Live Data'!$C$19)="","",INDEX(SPOT_Import!$A$1:$Z$2488,5,'Live Data'!$C$19)),"") -> 1000 | I5: =IFERROR(IF(INDEX(SPOT_Import!$A$1:$Z$2488,5,'Live Data'!$C$20)="","",INDEX(SPOT_Import!$A$1:$Z$2488,5,'Live Data'!$C$20)),"") -> Incomplete | J5: =IFERROR(IF(INDEX(SPOT_Import!$A$1:$Z$2488,5,'Live Data'!$C$21)="","",INDEX(SPOT_Import!$A$1:$Z$2488,5,'Live Data'!$C$21)),"") -> 2026-10-14T09:17:48.000Z | K5: =IFERROR(IF(INDEX(SPOT_Import!$A$1:$Z$2488,5,'Live Data'!$C$22)="","",INDEX(SPOT_Import!$A$1:$Z$2488,5,'Live Data'!$C$22)),"") -> 2026-10-14T09:17:48.000Z | L5: =IF(A5="","",IF(ISNUMBER(K5),TEXT(K5,"yyyy-mm"),LEFT(K5,7))) -> 2026-10 | M5: =IF(A5="","",UPPER(TRIM(SUBSTITUTE(C5," - ","-")))) -> EMBU | N5: =IF(A5="","",IFERROR(INDEX('Cluster Map'!$A$4:$A$38,MATCH(M5,'Cluster Map'!$B$4:$B$38,0)),"Unmapped")) -> Cluster 2 | O5: =IF(A5="",0,IF(COUNTIFS($A$2:A5,A5,$F$2:F5,F5,$L$2:L5,L5)=1,1,0)) -> 1 | P5: =IF(A5="",0,IF(AND(F5="C&T",COUNTIFS($A$2:A5,A5,$F$2:F5,"C&T")=1),1,0)) -> 0
A6: =IFERROR(IF(INDEX(SPOT_Import!$A$1:$Z$2488,6,'Live Data'!$C$12)="","",INDEX(SPOT_Import!$A$1:$Z$2488,6,'Live Data'!$C$12)),"") -> 12719 | B6: =IFERROR(IF(INDEX(SPOT_Import!$A$1:$Z$2488,6,'Live Data'!$C$13)="","",INDEX(SPOT_Import!$A$1:$Z$2488,6,'Live Data'!$C$13)),"") -> Runyenjes District Hospital | C6: =IFERROR(IF(INDEX(SPOT_Import!$A$1:$Z$2488,6,'Live Data'!$C$14)="","",INDEX(SPOT_Import!$A$1:$Z$2488,6,'Live Data'!$C$14)),"") -> EMBU | D6: =IFERROR(IF(INDEX(SPOT_Import!$A$1:$Z$2488,6,'Live Data'!$C$15)="","",INDEX(SPOT_Import!$A$1:$Z$2488,6,'Live Data'!$C$15)),"") -> Runyenjes | E6: =IFERROR(IF(INDEX(SPOT_Import!$A$1:$Z$2488,6,'Live Data'!$C$16)="","",INDEX(SPOT_Import!$A$1:$Z$2488,6,'Live Data'!$C$16)),"") -> USAID Jamii Tekelezi | F6: =IFERROR(IF(INDEX(SPOT_Import!$A$1:$Z$2488,6,'Live Data'!$C$17)="","",INDEX(SPOT_Import!$A$1:$Z$2488,6,'Live Data'!$C$17)),"") -> C&T | G6: =IFERROR(IF(INDEX(SPOT_Import!$A$1:$Z$2488,6,'Live Data'!$C$18)="","",INDEX(SPOT_Import!$A$1:$Z$2488,6,'Live Data'!$C$18)),"") -> 1938 | H6: =IFERROR(IF(INDEX(SPOT_Import!$A$1:$Z$2488,6,'Live Data'!$C$19)="","",INDEX(SPOT_Import!$A$1:$Z$2488,6,'Live Data'!$C$19)),"") -> 1938 | I6: =IFERROR(IF(INDEX(SPOT_Import!$A$1:$Z$2488,6,'Live Data'!$C$20)="","",INDEX(SPOT_Import!$A$1:$Z$2488,6,'Live Data'!$C$20)),"") -> Complete | J6: =IFERROR(IF(INDEX(SPOT_Import!$A$1:$Z$2488,6,'Live Data'!$C$21)="","",INDEX(SPOT_Import!$A$1:$Z$2488,6,'Live Data'!$C$21)),"") -> 2026-10-14T08:38:32.000Z | K6: =IFERROR(IF(INDEX(SPOT_Import!$A$1:$Z$2488,6,'Live Data'!$C$22)="","",INDEX(SPOT_Import!$A$1:$Z$2488,6,'Live Data'!$C$22)),"") -> 2026-10-14T08:38:32.000Z | L6: =IF(A6="","",IF(ISNUMBER(K6),TEXT(K6,"yyyy-mm"),LEFT(K6,7))) -> 2026-10 | M6: =IF(A6="","",UPPER(TRIM(SUBSTITUTE(C6," - ","-")))) -> EMBU | N6: =IF(A6="","",IFERROR(INDEX('Cluster Map'!$A$4:$A$38,MATCH(M6,'Cluster Map'!$B$4:$B$38,0)),"Unmapped")) -> Cluster 2 | O6: =IF(A6="",0,IF(COUNTIFS($A$2:A6,A6,$F$2:F6,F6,$L$2:L6,L6)=1,1,0)) -> 1 | P6: =IF(A6="",0,IF(AND(F6="C&T",COUNTIFS($A$2:A6,A6,$F$2:F6,"C&T")=1),1,0)) -> 1
A7: =IFERROR(IF(INDEX(SPOT_Import!$A$1:$Z$2488,7,'Live Data'!$C$12)="","",INDEX(SPOT_Import!$A$1:$Z$2488,7,'Live Data'!$C$12)),"") -> 11126 | B7: =IFERROR(IF(INDEX(SPOT_Import!$A$1:$Z$2488,7,'Live Data'!$C$13)="","",INDEX(SPOT_Import!$A$1:$Z$2488,7,'Live Data'!$C$13)),"") -> Turasha Dispensary | C7: =IFERROR(IF(INDEX(SPOT_Import!$A$1:$Z$2488,7,'Live Data'!$C$14)="","",INDEX(SPOT_Import!$A$1:$Z$2488,7,'Live Data'!$C$14)),"") -> NYANDARUA | D7: =IFERROR(IF(INDEX(SPOT_Import!$A$1:$Z$2488,7,'Live Data'!$C$15)="","",INDEX(SPOT_Import!$A$1:$Z$2488,7,'Live Data'!$C$15)),"") -> Kipipiri | E7: =IFERROR(IF(INDEX(SPOT_Import!$A$1:$Z$2488,7,'Live Data'!$C$16)="","",INDEX(SPOT_Import!$A$1:$Z$2488,7,'Live Data'!$C$16)),"") -> USAID Jamii Tekelezi | F7: =IFERROR(IF(INDEX(SPOT_Import!$A$1:$Z$2488,7,'Live Data'!$C$17)="","",INDEX(SPOT_Import!$A$1:$Z$2488,7,'Live Data'!$C$17)),"") -> MNCH | G7: =IFERROR(IF(INDEX(SPOT_Import!$A$1:$Z$2488,7,'Live Data'!$C$18)="","",INDEX(SPOT_Import!$A$1:$Z$2488,7,'Live Data'!$C$18)),"") -> 20 | H7: =IFERROR(IF(INDEX(SPOT_Import!$A$1:$Z$2488,7,'Live Data'!$C$19)="","",INDEX(SPOT_Import!$A$1:$Z$2488,7,'Live Data'!$C$19)),"") | I7: =IFERROR(IF(INDEX(SPOT_Import!$A$1:$Z$2488,7,'Live Data'!$C$20)="","",INDEX(SPOT_Import!$A$1:$Z$2488,7,'Live Data'!$C$20)),"") -> Incomplete | J7: =IFERROR(IF(INDEX(SPOT_Import!$A$1:$Z$2488,7,'Live Data'!$C$21)="","",INDEX(SPOT_Import!$A$1:$Z$2488,7,'Live Data'!$C$21)),"") -> 2026-10-14T07:53:24.000Z | K7: =IFERROR(IF(INDEX(SPOT_Import!$A$1:$Z$2488,7,'Live Data'!$C$22)="","",INDEX(SPOT_Import!$A$1:$Z$2488,7,'Live Data'!$C$22)),"") -> 2026-10-14T07:53:24.000Z | L7: =IF(A7="","",IF(ISNUMBER(K7),TEXT(K7,"yyyy-mm"),LEFT(K7,7))) -> 2026-10 | M7: =IF(A7="","",UPPER(TRIM(SUBSTITUTE(C7," - ","-")))) -> NYANDARUA | N7: =IF(A7="","",IFERROR(INDEX('Cluster Map'!$A$4:$A$38,MATCH(M7,'Cluster Map'!$B$4:$B$38,0)),"Unmapped")) -> Cluster 4 | O7: =IF(A7="",0,IF(COUNTIFS($A$2:A7,A7,$F$2:F7,F7,$L$2:L7,L7)=1,1,0)) -> 1 | P7: =IF(A7="",0,IF(AND(F7="C&T",COUNTIFS($A$2:A7,A7,$F$2:F7,"C&T")=1),1,0)) -> 0
A8: =IFERROR(IF(INDEX(SPOT_Import!$A$1:$Z$2488,8,'Live Data'!$C$12)="","",INDEX(SPOT_Import!$A$1:$Z$2488,8,'Live Data'!$C$12)),"") -> 11126 | B8: =IFERROR(IF(INDEX(SPOT_Import!$A$1:$Z$2488,8,'Live Data'!$C$13)="","",INDEX(SPOT_Import!$A$1:$Z$2488,8,'Live Data'!$C$13)),"") -> Turasha Dispensary | C8: =IFERROR(IF(INDEX(SPOT_Import!$A$1:$Z$2488,8,'Live Data'!$C$14)="","",INDEX(SPOT_Import!$A$1:$Z$2488,8,'Live Data'!$C$14)),"") -> NYANDARUA | D8: =IFERROR(IF(INDEX(SPOT_Import!$A$1:$Z$2488,8,'Live Data'!$C$15)="","",INDEX(SPOT_Import!$A$1:$Z$2488,8,'Live Data'!$C$15)),"") -> Kipipiri | E8: =IFERROR(IF(INDEX(SPOT_Import!$A$1:$Z$2488,8,'Live Data'!$C$16)="","",INDEX(SPOT_Import!$A$1:$Z$2488,8,'Live Data'!$C$16)),"") -> USAID Jamii Tekelezi | F8: =IFERROR(IF(INDEX(SPOT_Import!$A$1:$Z$2488,8,'Live Data'!$C$17)="","",INDEX(SPOT_Import!$A$1:$Z$2488,8,'Live Data'!$C$17)),"") -> C&T | G8: =IFERROR(IF(INDEX(SPOT_Import!$A$1:$Z$2488,8,'Live Data'!$C$18)="","",INDEX(SPOT_Import!$A$1:$Z$2488,8,'Live Data'!$C$18)),"") -> 44 | H8: =IFERROR(IF(INDEX(SPOT_Import!$A$1:$Z$2488,8,'Live Data'!$C$19)="","",INDEX(SPOT_Import!$A$1:$Z$2488,8,'Live Data'!$C$19)),"") -> 44 | I8: =IFERROR(IF(INDEX(SPOT_Import!$A$1:$Z$2488,8,'Live Data'!$C$20)="","",INDEX(SPOT_Import!$A$1:$Z$2488,8,'Live Data'!$C$20)),"") -> Complete | J8: =IFERROR(IF(INDEX(SPOT_Import!$A$1:$Z$2488,8,'Live Data'!$C$21)="","",INDEX(SPOT_Import!$A$1:$Z$2488,8,'Live Data'!$C$21)),"") -> 2026-10-14T07:26:41.000Z | K8: =IFERROR(IF(INDEX(SPOT_Import!$A$1:$Z$2488,8,'Live Data'!$C$22)="","",INDEX(SPOT_Import!$A$1:$Z$2488,8,'Live Data'!$C$22)),"") -> 2026-10-14T07:26:41.000Z | L8: =IF(A8="","",IF(ISNUMBER(K8),TEXT(K8,"yyyy-mm"),LEFT(K8,7))) -> 2026-10 | M8: =IF(A8="","",UPPER(TRIM(SUBSTITUTE(C8," - ","-")))) -> NYANDARUA | N8: =IF(A8="","",IFERROR(INDEX('Cluster Map'!$A$4:$A$38,MATCH(M8,'Cluster Map'!$B$4:$B$38,0)),"Unmapped")) -> Cluster 4 | O8: =IF(A8="",0,IF(COUNTIFS($A$2:A8,A8,$F$2:F8,F8,$L$2:L8,L8)=1,1,0)) -> 1 | P8: =IF(A8="",0,IF(AND(F8="C&T",COUNTIFS($A$2:A8,A8,$F$2:F8,"C&T")=1),1,0)) -> 1
A9: =IFERROR(IF(INDEX(SPOT_Import!$A$1:$Z$2488,9,'Live Data'!$C$12)="","",INDEX(SPOT_Import!$A$1:$Z$2488,9,'Live Data'!$C$12)),"") -> 10509 | B9: =IFERROR(IF(INDEX(SPOT_Import!$A$1:$Z$2488,9,'Live Data'!$C$13)="","",INDEX(SPOT_Import!$A$1:$Z$2488,9,'Live Data'!$C$13)),"") -> Kasuku Health Centre | C9: =IFERROR(IF(INDEX(SPOT_Import!$A$1:$Z$2488,9,'Live Data'!$C$14)="","",INDEX(SPOT_Import!$A$1:$Z$2488,9,'Live Data'!$C$14)),"") -> NYANDARUA | D9: =IFERROR(IF(INDEX(SPOT_Import!$A$1:$Z$2488,9,'Live Data'!$C$15)="","",INDEX(SPOT_Import!$A$1:$Z$2488,9,'Live Data'!$C$15)),"") -> Oljororok | E9: =IFERROR(IF(INDEX(SPOT_Import!$A$1:$Z$2488,9,'Live Data'!$C$16)="","",INDEX(SPOT_Import!$A$1:$Z$2488,9,'Live Data'!$C$16)),"") -> USAID Jamii Tekelezi | F9: =IFERROR(IF(INDEX(SPOT_Import!$A$1:$Z$2488,9,'Live Data'!$C$17)="","",INDEX(SPOT_Import!$A$1:$Z$2488,9,'Live Data'!$C$17)),"") -> PREP | G9: =IFERROR(IF(INDEX(SPOT_Import!$A$1:$Z$2488,9,'Live Data'!$C$18)="","",INDEX(SPOT_Import!$A$1:$Z$2488,9,'Live Data'!$C$18)),"") -> 99 | H9: =IFERROR(IF(INDEX(SPOT_Import!$A$1:$Z$2488,9,'Live Data'!$C$19)="","",INDEX(SPOT_Import!$A$1:$Z$2488,9,'Live Data'!$C$19)),"") -> 99 | I9: =IFERROR(IF(INDEX(SPOT_Import!$A$1:$Z$2488,9,'Live Data'!$C$20)="","",INDEX(SPOT_Import!$A$1:$Z$2488,9,'Live Data'!$C$20)),"") -> Complete | J9: =IFERROR(IF(INDEX(SPOT_Import!$A$1:$Z$2488,9,'Live Data'!$C$21)="","",INDEX(SPOT_Import!$A$1:$Z$2488,9,'Live Data'!$C$21)),"") -> 2026-10-13T21:32:33.000Z | K9: =IFERROR(IF(INDEX(SPOT_Import!$A$1:$Z$2488,9,'Live Data'!$C$22)="","",INDEX(SPOT_Import!$A$1:$Z$2488,9,'Live Data'!$C$22)),"") -> 2026-10-13T21:32:33.000Z | L9: =IF(A9="","",IF(ISNUMBER(K9),TEXT(K9,"yyyy-mm"),LEFT(K9,7))) -> 2026-10 | M9: =IF(A9="","",UPPER(TRIM(SUBSTITUTE(C9," - ","-")))) -> NYANDARUA | N9: =IF(A9="","",IFERROR(INDEX('Cluster Map'!$A$4:$A$38,MATCH(M9,'Cluster Map'!$B$4:$B$38,0)),"Unmapped")) -> Cluster 4 | O9: =IF(A9="",0,IF(COUNTIFS($A$2:A9,A9,$F$2:F9,F9,$L$2:L9,L9)=1,1,0)) -> 1 | P9: =IF(A9="",0,IF(AND(F9="C&T",COUNTIFS($A$2:A9,A9,$F$2:F9,"C&T")=1),1,0)) -> 0
A10: =IFERROR(IF(INDEX(SPOT_Import!$A$1:$Z$2488,10,'Live Data'!$C$12)="","",INDEX(SPOT_Import!$A$1:$Z$2488,10,'Live Data'!$C$12)),"") -> 10509 | B10: =IFERROR(IF(INDEX(SPOT_Import!$A$1:$Z$2488,10,'Live Data'!$C$13)="","",INDEX(SPOT_Import!$A$1:$Z$2488,10,'Live Data'!$C$13)),"") -> Kasuku Health Centre | C10: =IFERROR(IF(INDEX(SPOT_Import!$A$1:$Z$2488,10,'Live Data'!$C$14)="","",INDEX(SPOT_Import!$A$1:$Z$2488,10,'Live Data'!$C$14)),"") -> NYANDARUA | D10: =IFERROR(IF(INDEX(SPOT_Import!$A$1:$Z$2488,10,'Live Data'!$C$15)="","",INDEX(SPOT_Import!$A$1:$Z$2488,10,'Live Data'!$C$15)),"") -> Oljororok | E10: =IFERROR(IF(INDEX(SPOT_Import!$A$1:$Z$2488,10,'Live Data'!$C$16)="","",INDEX(SPOT_Import!$A$1:$Z$2488,10,'Live Data'!$C$16)),"") -> USAID Jamii Tekelezi | F10: =IFERROR(IF(INDEX(SPOT_Import!$A$1:$Z$2488,10,'Live Data'!$C$17)="","",INDEX(SPOT_Import!$A$1:$Z$2488,10,'Live Data'!$C$17)),"") -> MNCH | G10: =IFERROR(IF(INDEX(SPOT_Import!$A$1:$Z$2488,10,'Live Data'!$C$18)="","",INDEX(SPOT_Import!$A$1:$Z$2488,10,'Live Data'!$C$18)),"") -> 75 | H10: =IFERROR(IF(INDEX(SPOT_Import!$A$1:$Z$2488,10,'Live Data'!$C$19)="","",INDEX(SPOT_Import!$A$1:$Z$2488,10,'Live Data'!$C$19)),"") -> 75 | I10: =IFERROR(IF(INDEX(SPOT_Import!$A$1:$Z$2488,10,'Live Data'!$C$20)="","",INDEX(SPOT_Import!$A$1:$Z$2488,10,'Live Data'!$C$20)),"") -> Complete | J10: =IFERROR(IF(INDEX(SPOT_Import!$A$1:$Z$2488,10,'Live Data'!$C$21)="","",INDEX(SPOT_Import!$A$1:$Z$2488,10,'Live Data'!$C$21)),"") -> 2026-10-13T21:31:48.000Z | K10: =IFERROR(IF(INDEX(SPOT_Import!$A$1:$Z$2488,10,'Live Data'!$C$22)="","",INDEX(SPOT_Import!$A$1:$Z$2488,10,'Live Data'!$C$22)),"") -> 2026-10-13T21:31:48.000Z | L10: =IF(A10="","",IF(ISNUMBER(K10),TEXT(K10,"yyyy-mm"),LEFT(K10,7))) -> 2026-10 | M10: =IF(A10="","",UPPER(TRIM(SUBSTITUTE(C10," - ","-")))) -> NYANDARUA | N10: =IF(A10="","",IFERROR(INDEX('Cluster Map'!$A$4:$A$38,MATCH(M10,'Cluster Map'!$B$4:$B$38,0)),"Unmapped")) -> Cluster 4 | O10: =IF(A10="",0,IF(COUNTIFS($A$2:A10,A10,$F$2:F10,F10,$L$2:L10,L10)=1,1,0)) -> 1 | P10: =IF(A10="",0,IF(AND(F10="C&T",COUNTIFS($A$2:A10,A10,$F$2:F10,"C&T")=1),1,0)) -> 0
A11: =IFERROR(IF(INDEX(SPOT_Import!$A$1:$Z$2488,11,'Live Data'!$C$12)="","",INDEX(SPOT_Import!$A$1:$Z$2488,11,'Live Data'!$C$12)),"") -> 10509 | B11: =IFERROR(IF(INDEX(SPOT_Import!$A$1:$Z$2488,11,'Live Data'!$C$13)="","",INDEX(SPOT_Import!$A$1:$Z$2488,11,'Live Data'!$C$13)),"") -> Kasuku Health Centre | C11: =IFERROR(IF(INDEX(SPOT_Import!$A$1:$Z$2488,11,'Live Data'!$C$14)="","",INDEX(SPOT_Import!$A$1:$Z$2488,11,'Live Data'!$C$14)),"") -> NYANDARUA | D11: =IFERROR(IF(INDEX(SPOT_Import!$A$1:$Z$2488,11,'Live Data'!$C$15)="","",INDEX(SPOT_Import!$A$1:$Z$2488,11,'Live Data'!$C$15)),"") -> Oljororok | E11: =IFERROR(IF(INDEX(SPOT_Import!$A$1:$Z$2488,11,'Live Data'!$C$16)="","",INDEX(SPOT_Import!$A$1:$Z$2488,11,'Live Data'!$C$16)),"") -> USAID Jamii Tekelezi | F11: =IFERROR(IF(INDEX(SPOT_Import!$A$1:$Z$2488,11,'Live Data'!$C$17)="","",INDEX(SPOT_Import!$A$1:$Z$2488,11,'Live Data'!$C$17)),"") -> HTS | G11: =IFERROR(IF(INDEX(SPOT_Import!$A$1:$Z$2488,11,'Live Data'!$C$18)="","",INDEX(SPOT_Import!$A$1:$Z$2488,11,'Live Data'!$C$18)),"") -> 5704 | H11: =IFERROR(IF(INDEX(SPOT_Import!$A$1:$Z$2488,11,'Live Data'!$C$19)="","",INDEX(SPOT_Import!$A$1:$Z$2488,11,'Live Data'!$C$19)),"") | I11: =IFERROR(IF(INDEX(SPOT_Import!$A$1:$Z$2488,11,'Live Data'!$C$20)="","",INDEX(SPOT_Import!$A$1:$Z$2488,11,'Live Data'!$C$20)),"") -> Incomplete | J11: =IFERROR(IF(INDEX(SPOT_Import!$A$1:$Z$2488,11,'Live Data'!$C$21)="","",INDEX(SPOT_Import!$A$1:$Z$2488,11,'Live Data'!$C$21)),"") -> 2026-10-13T21:31:08.000Z | K11: =IFERROR(IF(INDEX(SPOT_Import!$A$1:$Z$2488,11,'Live Data'!$C$22)="","",INDEX(SPOT_Import!$A$1:$Z$2488,11,'Live Data'!$C$22)),"") -> 2026-10-13T21:31:08.000Z | L11: =IF(A11="","",IF(ISNUMBER(K11),TEXT(K11,"yyyy-mm"),LEFT(K11,7))) -> 2026-10 | M11: =IF(A11="","",UPPER(TRIM(SUBSTITUTE(C11," - ","-")))) -> NYANDARUA | N11: =IF(A11="","",IFERROR(INDEX('Cluster Map'!$A$4:$A$38,MATCH(M11,'Cluster Map'!$B$4:$B$38,0)),"Unmapped")) -> Cluster 4 | O11: =IF(A11="",0,IF(COUNTIFS($A$2:A11,A11,$F$2:F11,F11,$L$2:L11,L11)=1,1,0)) -> 1 | P11: =IF(A11="",0,IF(AND(F11="C&T",COUNTIFS($A$2:A11,A11,$F$2:F11,"C&T")=1),1,0)) -> 0
A12: =IFERROR(IF(INDEX(SPOT_Import!$A$1:$Z$2488,12,'Live Data'!$C$12)="","",INDEX(SPOT_Import!$A$1:$Z$2488,12,'Live Data'!$C$12)),"") -> 10509 | B12: =IFERROR(IF(INDEX(SPOT_Import!$A$1:$Z$2488,12,'Live Data'!$C$13)="","",INDEX(SPOT_Import!$A$1:$Z$2488,12,'Live Data'!$C$13)),"") -> Kasuku Health Centre | C12: =IFERROR(IF(INDEX(SPOT_Import!$A$1:$Z$2488,12,'Live Data'!$C$14)="","",INDEX(SPOT_Import!$A$1:$Z$2488,12,'Live Data'!$C$14)),"") -> NYANDARUA | D12: =IFERROR(IF(INDEX(SPOT_Import!$A$1:$Z$2488,12,'Live Data'!$C$15)="","",INDEX(SPOT_Import!$A$1:$Z$2488,12,'Live Data'!$C$15)),"") -> Oljororok | E12: =IFERROR(IF(INDEX(SPOT_Import!$A$1:$Z$2488,12,'Live Data'!$C$16)="","",INDEX(SPOT_Import!$A$1:$Z$2488,12,'Live Data'!$C$16)),"") -> USAID Jamii Tekelezi | F12: =IFERROR(IF(INDEX(SPOT_Import!$A$1:$Z$2488,12,'Live Data'!$C$17)="","",INDEX(SPOT_Import!$A$1:$Z$2488,12,'Live Data'!$C$17)),"") -> C&T | G12: =IFERROR(IF(INDEX(SPOT_Import!$A$1:$Z$2488,12,'Live Data'!$C$18)="","",INDEX(SPOT_Import!$A$1:$Z$2488,12,'Live Data'!$C$18)),"") -> 1181 | H12: =IFERROR(IF(INDEX(SPOT_Import!$A$1:$Z$2488,12,'Live Data'!$C$19)="","",INDEX(SPOT_Import!$A$1:$Z$2488,12,'Live Data'!$C$19)),"") -> 1181 | I12: =IFERROR(IF(INDEX(SPOT_Import!$A$1:$Z$2488,12,'Live Data'!$C$20)="","",INDEX(SPOT_Import!$A$1:$Z$2488,12,'Live Data'!$C$20)),"") -> Complete | J12: =IFERROR(IF(INDEX(SPOT_Import!$A$1:$Z$2488,12,'Live Data'!$C$21)="","",INDEX(SPOT_Import!$A$1:$Z$2488,12,'Live Data'!$C$21)),"") -> 2026-10-13T21:04:12.000Z | K12: =IFERROR(IF(INDEX(SPOT_Import!$A$1:$Z$2488,12,'Live Data'!$C$22)="","",INDEX(SPOT_Import!$A$1:$Z$2488,12,'Live Data'!$C$22)),"") -> 2026-10-13T21:04:12.000Z | L12: =IF(A12="","",IF(ISNUMBER(K12),TEXT(K12,"yyyy-mm"),LEFT(K12,7))) -> 2026-10 | M12: =IF(A12="","",UPPER(TRIM(SUBSTITUTE(C12," - ","-")))) -> NYANDARUA | N12: =IF(A12="","",IFERROR(INDEX('Cluster Map'!$A$4:$A$38,MATCH(M12,'Cluster Map'!$B$4:$B$38,0)),"Unmapped")) -> Cluster 4 | O12: =IF(A12="",0,IF(COUNTIFS($A$2:A12,A12,$F$2:F12,F12,$L$2:L12,L12)=1,1,0)) -> 1 | P12: =IF(A12="",0,IF(AND(F12="C&T",COUNTIFS($A$2:A12,A12,$F$2:F12,"C&T")=1),1,0)) -> 1
A13: =IFERROR(IF(INDEX(SPOT_Import!$A$1:$Z$2488,13,'Live Data'!$C$12)="","",INDEX(SPOT_Import!$A$1:$Z$2488,13,'Live Data'!$C$12)),"") -> 10852 | B13: =IFERROR(IF(INDEX(SPOT_Import!$A$1:$Z$2488,13,'Live Data'!$C$13)="","",INDEX(SPOT_Import!$A$1:$Z$2488,13,'Live Data'!$C$13)),"") -> New Tumaini Health Centre | C13: =IFERROR(IF(INDEX(SPOT_Import!$A$1:$Z$2488,13,'Live Data'!$C$14)="","",INDEX(SPOT_Import!$A$1:$Z$2488,13,'Live Data'!$C$14)),"") -> NYANDARUA | D13: =IFERROR(IF(INDEX(SPOT_Import!$A$1:$Z$2488,13,'Live Data'!$C$15)="","",INDEX(SPOT_Import!$A$1:$Z$2488,13,'Live Data'!$C$15)),"") -> Olkalou | E13: =IFERROR(IF(INDEX(SPOT_Import!$A$1:$Z$2488,13,'Live Data'!$C$16)="","",INDEX(SPOT_Import!$A$1:$Z$2488,13,'Live Data'!$C$16)),"") -> USAID Jamii Tekelezi | F13: =IFERROR(IF(INDEX(SPOT_Import!$A$1:$Z$2488,13,'Live Data'!$C$17)="","",INDEX(SPOT_Import!$A$1:$Z$2488,13,'Live Data'!$C$17)),"") -> PREP | G13: =IFERROR(IF(INDEX(SPOT_Import!$A$1:$Z$2488,13,'Live Data'!$C$18)="","",INDEX(SPOT_Import!$A$1:$Z$2488,13,'Live Data'!$C$18)),"") -> 41 | H13: =IFERROR(IF(INDEX(SPOT_Import!$A$1:$Z$2488,13,'Live Data'!$C$19)="","",INDEX(SPOT_Import!$A$1:$Z$2488,13,'Live Data'!$C$19)),"") | I13: =IFERROR(IF(INDEX(SPOT_Import!$A$1:$Z$2488,13,'Live Data'!$C$20)="","",INDEX(SPOT_Import!$A$1:$Z$2488,13,'Live Data'!$C$20)),"") -> Complete | J13: =IFERROR(IF(INDEX(SPOT_Import!$A$1:$Z$2488,13,'Live Data'!$C$21)="","",INDEX(SPOT_Import!$A$1:$Z$2488,13,'Live Data'!$C$21)),"") -> 2026-10-13T20:10:47.000Z | K13: =IFERROR(IF(INDEX(SPOT_Import!$A$1:$Z$2488,13,'Live Data'!$C$22)="","",INDEX(SPOT_Import!$A$1:$Z$2488,13,'Live Data'!$C$22)),"") -> 2026-10-13T20:10:47.000Z | L13: =IF(A13="","",IF(ISNUMBER(K13),TEXT(K13,"yyyy-mm"),LEFT(K13,7))) -> 2026-10 | M13: =IF(A13="","",UPPER(TRIM(SUBSTITUTE(C13," - ","-")))) -> NYANDARUA | N13: =IF(A13="","",IFERROR(INDEX('Cluster Map'!$A$4:$A$38,MATCH(M13,'Cluster Map'!$B$4:$B$38,0)),"Unmapped")) -> Cluster 4 | O13: =IF(A13="",0,IF(COUNTIFS($A$2:A13,A13,$F$2:F13,F13,$L$2:L13,L13)=1,1,0)) -> 1 | P13: =IF(A13="",0,IF(AND(F13="C&T",COUNTIFS($A$2:A13,A13,$F$2:F13,"C&T")=1),1,0)) -> 0
A14: =IFERROR(IF(INDEX(SPOT_Import!$A$1:$Z$2488,14,'Live Data'!$C$12)="","",INDEX(SPOT_Import!$A$1:$Z$2488,14,'Live Data'!$C$12)),"") -> 10852 | B14: =IFERROR(IF(INDEX(SPOT_Import!$A$1:$Z$2488,14,'Live Data'!$C$13)="","",INDEX(SPOT_Import!$A$1:$Z$2488,14,'Live Data'!$C$13)),"") -> New Tumaini Health Centre | C14: =IFERROR(IF(INDEX(SPOT_Import!$A$1:$Z$2488,14,'Live Data'!$C$14)="","",INDEX(SPOT_Import!$A$1:$Z$2488,14,'Live Data'!$C$14)),"") -> NYANDARUA | D14: =IFERROR(IF(INDEX(SPOT_Import!$A$1:$Z$2488,14,'Live Data'!$C$15)="","",INDEX(SPOT_Import!$A$1:$Z$2488,14,'Live Data'!$C$15)),"") -> Olkalou | E14: =IFERROR(IF(INDEX(SPOT_Import!$A$1:$Z$2488,14,'Live Data'!$C$16)="","",INDEX(SPOT_Import!$A$1:$Z$2488,14,'Live Data'!$C$16)),"") -> USAID Jamii Tekelezi | F14: =IFERROR(IF(INDEX(SPOT_Import!$A$1:$Z$2488,14,'Live Data'!$C$17)="","",INDEX(SPOT_Import!$A$1:$Z$2488,14,'Live Data'!$C$17)),"") -> MNCH | G14: =IFERROR(IF(INDEX(SPOT_Import!$A$1:$Z$2488,14,'Live Data'!$C$18)="","",INDEX(SPOT_Import!$A$1:$Z$2488,14,'Live Data'!$C$18)),"") -> 37 | H14: =IFERROR(IF(INDEX(SPOT_Import!$A$1:$Z$2488,14,'Live Data'!$C$19)="","",INDEX(SPOT_Import!$A$1:$Z$2488,14,'Live Data'!$C$19)),"") | I14: =IFERROR(IF(INDEX(SPOT_Import!$A$1:$Z$2488,14,'Live Data'!$C$20)="","",INDEX(SPOT_Import!$A$1:$Z$2488,14,'Live Data'!$C$20)),"") -> Incomplete | J14: =IFERROR(IF(INDEX(SPOT_Import!$A$1:$Z$2488,14,'Live Data'!$C$21)="","",INDEX(SPOT_Import!$A$1:$Z$2488,14,'Live Data'!$C$21)),"") -> 2026-10-13T20:10:24.000Z | K14: =IFERROR(IF(INDEX(SPOT_Import!$A$1:$Z$2488,14,'Live Data'!$C$22)="","",INDEX(SPOT_Import!$A$1:$Z$2488,14,'Live Data'!$C$22)),"") -> 2026-10-13T20:10:24.000Z | L14: =IF(A14="","",IF(ISNUMBER(K14),TEXT(K14,"yyyy-mm"),LEFT(K14,7))) -> 2026-10 | M14: =IF(A14="","",UPPER(TRIM(SUBSTITUTE(C14," - ","-")))) -> NYANDARUA | N14: =IF(A14="","",IFERROR(INDEX('Cluster Map'!$A$4:$A$38,MATCH(M14,'Cluster Map'!$B$4:$B$38,0)),"Unmapped")) -> Cluster 4 | O14: =IF(A14="",0,IF(COUNTIFS($A$2:A14,A14,$F$2:F14,F14,$L$2:L14,L14)=1,1,0)) -> 1 | P14: =IF(A14="",0,IF(AND(F14="C&T",COUNTIFS($A$2:A14,A14,$F$2:F14,"C&T")=1),1,0)) -> 0
A15: =IFERROR(IF(INDEX(SPOT_Import!$A$1:$Z$2488,15,'Live Data'!$C$12)="","",INDEX(SPOT_Import!$A$1:$Z$2488,15,'Live Data'!$C$12)),"") -> 10852 | B15: =IFERROR(IF(INDEX(SPOT_Import!$A$1:$Z$2488,15,'Live Data'!$C$13)="","",INDEX(SPOT_Import!$A$1:$Z$2488,15,'Live Data'!$C$13)),"") -> New Tumaini Health Centre | C15: =IFERROR(IF(INDEX(SPOT_Import!$A$1:$Z$2488,15,'Live Data'!$C$14)="","",INDEX(SPOT_Import!$A$1:$Z$2488,15,'Live Data'!$C$14)),"") -> NYANDARUA | D15: =IFERROR(IF(INDEX(SPOT_Import!$A$1:$Z$2488,15,'Live Data'!$C$15)="","",INDEX(SPOT_Import!$A$1:$Z$2488,15,'Live Data'!$C$15)),"") -> Olkalou | E15: =IFERROR(IF(INDEX(SPOT_Import!$A$1:$Z$2488,15,'Live Data'!$C$16)="","",INDEX(SPOT_Import!$A$1:$Z$2488,15,'Live Data'!$C$16)),"") -> USAID Jamii Tekelezi | F15: =IFERROR(IF(INDEX(SPOT_Import!$A$1:$Z$2488,15,'Live Data'!$C$17)="","",INDEX(SPOT_Import!$A$1:$Z$2488,15,'Live Data'!$C$17)),"") -> HTS | G15: =IFERROR(IF(INDEX(SPOT_Import!$A$1:$Z$2488,15,'Live Data'!$C$18)="","",INDEX(SPOT_Import!$A$1:$Z$2488,15,'Live Data'!$C$18)),"") -> 2968 | H15: =IFERROR(IF(INDEX(SPOT_Import!$A$1:$Z$2488,15,'Live Data'!$C$19)="","",INDEX(SPOT_Import!$A$1:$Z$2488,15,'Live Data'!$C$19)),"") -> 2968 | I15: =IFERROR(IF(INDEX(SPOT_Import!$A$1:$Z$2488,15,'Live Data'!$C$20)="","",INDEX(SPOT_Import!$A$1:$Z$2488,15,'Live Data'!$C$20)),"") -> Complete | J15: =IFERROR(IF(INDEX(SPOT_Import!$A$1:$Z$2488,15,'Live Data'!$C$21)="","",INDEX(SPOT_Import!$A$1:$Z$2488,15,'Live Data'!$C$21)),"") -> 2026-10-13T20:09:11.000Z | K15: =IFERROR(IF(INDEX(SPOT_Import!$A$1:$Z$2488,15,'Live Data'!$C$22)="","",INDEX(SPOT_Import!$A$1:$Z$2488,15,'Live Data'!$C$22)),"") -> 2026-10-13T20:09:11.000Z | L15: =IF(A15="","",IF(ISNUMBER(K15),TEXT(K15,"yyyy-mm"),LEFT(K15,7))) -> 2026-10 | M15: =IF(A15="","",UPPER(TRIM(SUBSTITUTE(C15," - ","-")))) -> NYANDARUA | N15: =IF(A15="","",IFERROR(INDEX('Cluster Map'!$A$4:$A$38,MATCH(M15,'Cluster Map'!$B$4:$B$38,0)),"Unmapped")) -> Cluster 4 | O15: =IF(A15="",0,IF(COUNTIFS($A$2:A15,A15,$F$2:F15,F15,$L$2:L15,L15)=1,1,0)) -> 1 | P15: =IF(A15="",0,IF(AND(F15="C&T",COUNTIFS($A$2:A15,A15,$F$2:F15,"C&T")=1),1,0)) -> 0
A16: =IFERROR(IF(INDEX(SPOT_Import!$A$1:$Z$2488,16,'Live Data'!$C$12)="","",INDEX(SPOT_Import!$A$1:$Z$2488,16,'Live Data'!$C$12)),"") -> 10852 | B16: =IFERROR(IF(INDEX(SPOT_Import!$A$1:$Z$2488,16,'Live Data'!$C$13)="","",INDEX(SPOT_Import!$A$1:$Z$2488,16,'Live Data'!$C$13)),"") -> New Tumaini Health Centre | C16: =IFERROR(IF(INDEX(SPOT_Import!$A$1:$Z$2488,16,'Live Data'!$C$14)="","",INDEX(SPOT_Import!$A$1:$Z$2488,16,'Live Data'!$C$14)),"") -> NYANDARUA | D16: =IFERROR(IF(INDEX(SPOT_Import!$A$1:$Z$2488,16,'Live Data'!$C$15)="","",INDEX(SPOT_Import!$A$1:$Z$2488,16,'Live Data'!$C$15)),"") -> Olkalou | E16: =IFERROR(IF(INDEX(SPOT_Import!$A$1:$Z$2488,16,'Live Data'!$C$16)="","",INDEX(SPOT_Import!$A$1:$Z$2488,16,'Live Data'!$C$16)),"") -> USAID Jamii Tekelezi | F16: =IFERROR(IF(INDEX(SPOT_Import!$A$1:$Z$2488,16,'Live Data'!$C$17)="","",INDEX(SPOT_Import!$A$1:$Z$2488,16,'Live Data'!$C$17)),"") -> C&T | G16: =IFERROR(IF(INDEX(SPOT_Import!$A$1:$Z$2488,16,'Live Data'!$C$18)="","",INDEX(SPOT_Import!$A$1:$Z$2488,16,'Live Data'!$C$18)),"") -> 445 | H16: =IFERROR(IF(INDEX(SPOT_Import!$A$1:$Z$2488,16,'Live Data'!$C$19)="","",INDEX(SPOT_Import!$A$1:$Z$2488,16,'Live Data'!$C$19)),"") -> 445 | I16: =IFERROR(IF(INDEX(SPOT_Import!$A$1:$Z$2488,16,'Live Data'!$C$20)="","",INDEX(SPOT_Import!$A$1:$Z$2488,16,'Live Data'!$C$20)),"") -> Complete | J16: =IFERROR(IF(INDEX(SPOT_Import!$A$1:$Z$2488,16,'Live Data'!$C$21)="","",INDEX(SPOT_Import!$A$1:$Z$2488,16,'Live Data'!$C$21)),"") -> 2026-10-13T19:45:27.000Z | K16: =IFERROR(IF(INDEX(SPOT_Import!$A$1:$Z$2488,16,'Live Data'!$C$22)="","",INDEX(SPOT_Import!$A$1:$Z$2488,16,'Live Data'!$C$22)),"") -> 2026-10-13T19:45:27.000Z | L16: =IF(A16="","",IF(ISNUMBER(K16),TEXT(K16,"yyyy-mm"),LEFT(K16,7))) -> 2026-10 | M16: =IF(A16="","",UPPER(TRIM(SUBSTITUTE(C16," - ","-")))) -> NYANDARUA | N16: =IF(A16="","",IFERROR(INDEX('Cluster Map'!$A$4:$A$38,MATCH(M16,'Cluster Map'!$B$4:$B$38,0)),"Unmapped")) -> Cluster 4 | O16: =IF(A16="",0,IF(COUNTIFS($A$2:A16,A16,$F$2:F16,F16,$L$2:L16,L16)=1,1,0)) -> 1 | P16: =IF(A16="",0,IF(AND(F16="C&T",COUNTIFS($A$2:A16,A16,$F$2:F16,"C&T")=1),1,0)) -> 1
A17: =IFERROR(IF(INDEX(SPOT_Import!$A$1:$Z$2488,17,'Live Data'!$C$12)="","",INDEX(SPOT_Import!$A$1:$Z$2488,17,'Live Data'!$C$12)),"") -> 11059 | B17: =IFERROR(IF(INDEX(SPOT_Import!$A$1:$Z$2488,17,'Live Data'!$C$13)="","",INDEX(SPOT_Import!$A$1:$Z$2488,17,'Live Data'!$C$13)),"") -> St Mathews and Sarah Dispensary | C17: =IFERROR(IF(INDEX(SPOT_Import!$A$1:$Z$2488,17,'Live Data'!$C$14)="","",INDEX(SPOT_Import!$A$1:$Z$2488,17,'Live Data'!$C$14)),"") -> NYANDARUA | D17: =IFERROR(IF(INDEX(SPOT_Import!$A$1:$Z$2488,17,'Live Data'!$C$15)="","",INDEX(SPOT_Import!$A$1:$Z$2488,17,'Live Data'!$C$15)),"") -> Olkalou | E17: =IFERROR(IF(INDEX(SPOT_Import!$A$1:$Z$2488,17,'Live Data'!$C$16)="","",INDEX(SPOT_Import!$A$1:$Z$2488,17,'Live Data'!$C$16)),"") -> USAID Jamii Tekelezi | F17: =IFERROR(IF(INDEX(SPOT_Import!$A$1:$Z$2488,17,'Live Data'!$C$17)="","",INDEX(SPOT_Import!$A$1:$Z$2488,17,'Live Data'!$C$17)),"") -> PREP | G17: =IFERROR(IF(INDEX(SPOT_Import!$A$1:$Z$2488,17,'Live Data'!$C$18)="","",INDEX(SPOT_Import!$A$1:$Z$2488,17,'Live Data'!$C$18)),"") -> 2 | H17: =IFERROR(IF(INDEX(SPOT_Import!$A$1:$Z$2488,17,'Live Data'!$C$19)="","",INDEX(SPOT_Import!$A$1:$Z$2488,17,'Live Data'!$C$19)),"") | I17: =IFERROR(IF(INDEX(SPOT_Import!$A$1:$Z$2488,17,'Live Data'!$C$20)="","",INDEX(SPOT_Import!$A$1:$Z$2488,17,'Live Data'!$C$20)),"") -> Incomplete | J17: =IFERROR(IF(INDEX(SPOT_Import!$A$1:$Z$2488,17,'Live Data'!$C$21)="","",INDEX(SPOT_Import!$A$1:$Z$2488,17,'Live Data'!$C$21)),"") -> 2026-10-13T19:19:36.000Z | K17: =IFERROR(IF(INDEX(SPOT_Import!$A$1:$Z$2488,17,'Live Data'!$C$22)="","",INDEX(SPOT_Import!$A$1:$Z$2488,17,'Live Data'!$C$22)),"") -> 2026-10-13T19:19:36.000Z | L17: =IF(A17="","",IF(ISNUMBER(K17),TEXT(K17,"yyyy-mm"),LEFT(K17,7))) -> 2026-10 | M17: =IF(A17="","",UPPER(TRIM(SUBSTITUTE(C17," - ","-")))) -> NYANDARUA | N17: =IF(A17="","",IFERROR(INDEX('Cluster Map'!$A$4:$A$38,MATCH(M17,'Cluster Map'!$B$4:$B$38,0)),"Unmapped")) -> Cluster 4 | O17: =IF(A17="",0,IF(COUNTIFS($A$2:A17,A17,$F$2:F17,F17,$L$2:L17,L17)=1,1,0)) -> 1 | P17: =IF(A17="",0,IF(AND(F17="C&T",COUNTIFS($A$2:A17,A17,$F$2:F17,"C&T")=1),1,0)) -> 0
A18: =IFERROR(IF(INDEX(SPOT_Import!$A$1:$Z$2488,18,'Live Data'!$C$12)="","",INDEX(SPOT_Import!$A$1:$Z$2488,18,'Live Data'!$C$12)),"") -> 11059 | B18: =IFERROR(IF(INDEX(SPOT_Import!$A$1:$Z$2488,18,'Live Data'!$C$13)="","",INDEX(SPOT_Import!$A$1:$Z$2488,18,'Live Data'!$C$13)),"") -> St Mathews and Sarah Dispensary | C18: =IFERROR(IF(INDEX(SPOT_Import!$A$1:$Z$2488,18,'Live Data'!$C$14)="","",INDEX(SPOT_Import!$A$1:$Z$2488,18,'Live Data'!$C$14)),"") -> NYANDARUA | D18: =IFERROR(IF(INDEX(SPOT_Import!$A$1:$Z$2488,18,'Live Data'!$C$15)="","",INDEX(SPOT_Import!$A$1:$Z$2488,18,'Live Data'!$C$15)),"") -> Olkalou | E18: =IFERROR(IF(INDEX(SPOT_Import!$A$1:$Z$2488,18,'Live Data'!$C$16)="","",INDEX(SPOT_Import!$A$1:$Z$2488,18,'Live Data'!$C$16)),"") -> USAID Jamii Tekelezi | F18: =IFERROR(IF(INDEX(SPOT_Import!$A$1:$Z$2488,18,'Live Data'!$C$17)="","",INDEX(SPOT_Import!$A$1:$Z$2488,18,'Live Data'!$C$17)),"") -> MNCH | G18: =IFERROR(IF(INDEX(SPOT_Import!$A$1:$Z$2488,18,'Live Data'!$C$18)="","",INDEX(SPOT_Import!$A$1:$Z$2488,18,'Live Data'!$C$18)),"") -> 12 | H18: =IFERROR(IF(INDEX(SPOT_Import!$A$1:$Z$2488,18,'Live Data'!$C$19)="","",INDEX(SPOT_Import!$A$1:$Z$2488,18,'Live Data'!$C$19)),"") | I18: =IFERROR(IF(INDEX(SPOT_Import!$A$1:$Z$2488,18,'Live Data'!$C$20)="","",INDEX(SPOT_Import!$A$1:$Z$2488,18,'Live Data'!$C$20)),"") -> Incomplete | J18: =IFERROR(IF(INDEX(SPOT_Import!$A$1:$Z$2488,18,'Live Data'!$C$21)="","",INDEX(SPOT_Import!$A$1:$Z$2488,18,'Live Data'!$C$21)),"") -> 2026-10-13T19:19:10.000Z | K18: =IFERROR(IF(INDEX(SPOT_Import!$A$1:$Z$2488,18,'Live Data'!$C$22)="","",INDEX(SPOT_Import!$A$1:$Z$2488,18,'Live Data'!$C$22)),"") -> 2026-10-13T19:19:10.000Z | L18: =IF(A18="","",IF(ISNUMBER(K18),TEXT(K18,"yyyy-mm"),LEFT(K18,7))) -> 2026-10 | M18: =IF(A18="","",UPPER(TRIM(SUBSTITUTE(C18," - ","-")))) -> NYANDARUA | N18: =IF(A18="","",IFERROR(INDEX('Cluster Map'!$A$4:$A$38,MATCH(M18,'Cluster Map'!$B$4:$B$38,0)),"Unmapped")) -> Cluster 4 | O18: =IF(A18="",0,IF(COUNTIFS($A$2:A18,A18,$F$2:F18,F18,$L$2:L18,L18)=1,1,0)) -> 1 | P18: =IF(A18="",0,IF(AND(F18="C&T",COUNTIFS($A$2:A18,A18,$F$2:F18,"C&T")=1),1,0)) -> 0
A19: =IFERROR(IF(INDEX(SPOT_Import!$A$1:$Z$2488,19,'Live Data'!$C$12)="","",INDEX(SPOT_Import!$A$1:$Z$2488,19,'Live Data'!$C$12)),"") -> 11059 | B19: =IFERROR(IF(INDEX(SPOT_Import!$A$1:$Z$2488,19,'Live Data'!$C$13)="","",INDEX(SPOT_Import!$A$1:$Z$2488,19,'Live Data'!$C$13)),"") -> St Mathews and Sarah Dispensary | C19: =IFERROR(IF(INDEX(SPOT_Import!$A$1:$Z$2488,19,'Live Data'!$C$14)="","",INDEX(SPOT_Import!$A$1:$Z$2488,19,'Live Data'!$C$14)),"") -> NYANDARUA | D19: =IFERROR(IF(INDEX(SPOT_Import!$A$1:$Z$2488,19,'Live Data'!$C$15)="","",INDEX(SPOT_Import!$A$1:$Z$2488,19,'Live Data'!$C$15)),"") -> Olkalou | E19: =IFERROR(IF(INDEX(SPOT_Import!$A$1:$Z$2488,19,'Live Data'!$C$16)="","",INDEX(SPOT_Import!$A$1:$Z$2488,19,'Live Data'!$C$16)),"") -> USAID Jamii Tekelezi | F19: =IFERROR(IF(INDEX(SPOT_Import!$A$1:$Z$2488,19,'Live Data'!$C$17)="","",INDEX(SPOT_Import!$A$1:$Z$2488,19,'Live Data'!$C$17)),"") -> HTS | G19: =IFERROR(IF(INDEX(SPOT_Import!$A$1:$Z$2488,19,'Live Data'!$C$18)="","",INDEX(SPOT_Import!$A$1:$Z$2488,19,'Live Data'!$C$18)),"") -> 112 | H19: =IFERROR(IF(INDEX(SPOT_Import!$A$1:$Z$2488,19,'Live Data'!$C$19)="","",INDEX(SPOT_Import!$A$1:$Z$2488,19,'Live Data'!$C$19)),"") -> 112 | I19: =IFERROR(IF(INDEX(SPOT_Import!$A$1:$Z$2488,19,'Live Data'!$C$20)="","",INDEX(SPOT_Import!$A$1:$Z$2488,19,'Live Data'!$C$20)),"") -> Complete | J19: =IFERROR(IF(INDEX(SPOT_Import!$A$1:$Z$2488,19,'Live Data'!$C$21)="","",INDEX(SPOT_Import!$A$1:$Z$2488,19,'Live Data'!$C$21)),"") -> 2026-10-13T19:18:33.000Z | K19: =IFERROR(IF(INDEX(SPOT_Import!$A$1:$Z$2488,19,'Live Data'!$C$22)="","",INDEX(SPOT_Import!$A$1:$Z$2488,19,'Live Data'!$C$22)),"") -> 2026-10-13T19:18:33.000Z | L19: =IF(A19="","",IF(ISNUMBER(K19),TEXT(K19,"yyyy-mm"),LEFT(K19,7))) -> 2026-10 | M19: =IF(A19="","",UPPER(TRIM(SUBSTITUTE(C19," - ","-")))) -> NYANDARUA | N19: =IF(A19="","",IFERROR(INDEX('Cluster Map'!$A$4:$A$38,MATCH(M19,'Cluster Map'!$B$4:$B$38,0)),"Unmapped")) -> Cluster 4 | O19: =IF(A19="",0,IF(COUNTIFS($A$2:A19,A19,$F$2:F19,F19,$L$2:L19,L19)=1,1,0)) -> 1 | P19: =IF(A19="",0,IF(AND(F19="C&T",COUNTIFS($A$2:A19,A19,$F$2:F19,"C&T")=1),1,0)) -> 0
A20: =IFERROR(IF(INDEX(SPOT_Import!$A$1:$Z$2488,20,'Live Data'!$C$12)="","",INDEX(SPOT_Import!$A$1:$Z$2488,20,'Live Data'!$C$12)),"") -> 12790 | B20: =IFERROR(IF(INDEX(SPOT_Import!$A$1:$Z$2488,20,'Live Data'!$C$13)="","",INDEX(SPOT_Import!$A$1:$Z$2488,20,'Live Data'!$C$13)),"") -> Embu Children Hospital | C20: =IFERROR(IF(INDEX(SPOT_Import!$A$1:$Z$2488,20,'Live Data'!$C$14)="","",INDEX(SPOT_Import!$A$1:$Z$2488,20,'Live Data'!$C$14)),"") -> EMBU | D20: =IFERROR(IF(INDEX(SPOT_Import!$A$1:$Z$2488,20,'Live Data'!$C$15)="","",INDEX(SPOT_Import!$A$1:$Z$2488,20,'Live Data'!$C$15)),"") -> Manyatta | E20: =IFERROR(IF(INDEX(SPOT_Import!$A$1:$Z$2488,20,'Live Data'!$C$16)="","",INDEX(SPOT_Import!$A$1:$Z$2488,20,'Live Data'!$C$16)),"") -> USAID Jamii Tekelezi | F20: =IFERROR(IF(INDEX(SPOT_Import!$A$1:$Z$2488,20,'Live Data'!$C$17)="","",INDEX(SPOT_Import!$A$1:$Z$2488,20,'Live Data'!$C$17)),"") -> PREP | G20: =IFERROR(IF(INDEX(SPOT_Import!$A$1:$Z$2488,20,'Live Data'!$C$18)="","",INDEX(SPOT_Import!$A$1:$Z$2488,20,'Live Data'!$C$18)),"") -> 9 | H20: =IFERROR(IF(INDEX(SPOT_Import!$A$1:$Z$2488,20,'Live Data'!$C$19)="","",INDEX(SPOT_Import!$A$1:$Z$2488,20,'Live Data'!$C$19)),"") -> 9 | I20: =IFERROR(IF(INDEX(SPOT_Import!$A$1:$Z$2488,20,'Live Data'!$C$20)="","",INDEX(SPOT_Import!$A$1:$Z$2488,20,'Live Data'!$C$20)),"") -> Complete | J20: =IFERROR(IF(INDEX(SPOT_Import!$A$1:$Z$2488,20,'Live Data'!$C$21)="","",INDEX(SPOT_Import!$A$1:$Z$2488,20,'Live Data'!$C$21)),"") -> 2026-10-13T19:16:24.000Z | K20: =IFERROR(IF(INDEX(SPOT_Import!$A$1:$Z$2488,20,'Live Data'!$C$22)="","",INDEX(SPOT_Import!$A$1:$Z$2488,20,'Live Data'!$C$22)),"") -> 2026-10-13T19:16:24.000Z | L20: =IF(A20="","",IF(ISNUMBER(K20),TEXT(K20,"yyyy-mm"),LEFT(K20,7))) -> 2026-10 | M20: =IF(A20="","",UPPER(TRIM(SUBSTITUTE(C20," - ","-")))) -> EMBU | N20: =IF(A20="","",IFERROR(INDEX('Cluster Map'!$A$4:$A$38,MATCH(M20,'Cluster Map'!$B$4:$B$38,0)),"Unmapped")) -> Cluster 2 | O20: =IF(A20="",0,IF(COUNTIFS($A$2:A20,A20,$F$2:F20,F20,$L$2:L20,L20)=1,1,0)) -> 1 | P20: =IF(A20="",0,IF(AND(F20="C&T",COUNTIFS($A$2:A20,A20,$F$2:F20,"C&T")=1),1,0)) -> 0
A21: =IFERROR(IF(INDEX(SPOT_Import!$A$1:$Z$2488,21,'Live Data'!$C$12)="","",INDEX(SPOT_Import!$A$1:$Z$2488,21,'Live Data'!$C$12)),"") -> 12790 | B21: =IFERROR(IF(INDEX(SPOT_Import!$A$1:$Z$2488,21,'Live Data'!$C$13)="","",INDEX(SPOT_Import!$A$1:$Z$2488,21,'Live Data'!$C$13)),"") -> Embu Children Hospital | C21: =IFERROR(IF(INDEX(SPOT_Import!$A$1:$Z$2488,21,'Live Data'!$C$14)="","",INDEX(SPOT_Import!$A$1:$Z$2488,21,'Live Data'!$C$14)),"") -> EMBU | D21: =IFERROR(IF(INDEX(SPOT_Import!$A$1:$Z$2488,21,'Live Data'!$C$15)="","",INDEX(SPOT_Import!$A$1:$Z$2488,21,'Live Data'!$C$15)),"") -> Manyatta | E21: =IFERROR(IF(INDEX(SPOT_Import!$A$1:$Z$2488,21,'Live Data'!$C$16)="","",INDEX(SPOT_Import!$A$1:$Z$2488,21,'Live Data'!$C$16)),"") -> USAID Jamii Tekelezi | F21: =IFERROR(IF(INDEX(SPOT_Import!$A$1:$Z$2488,21,'Live Data'!$C$17)="","",INDEX(SPOT_Import!$A$1:$Z$2488,21,'Live Data'!$C$17)),"") -> MNCH | G21: =IFERROR(IF(INDEX(SPOT_Import!$A$1:$Z$2488,21,'Live Data'!$C$18)="","",INDEX(SPOT_Import!$A$1:$Z$2488,21,'Live Data'!$C$18)),"") -> 21 | H21: =IFERROR(IF(INDEX(SPOT_Import!$A$1:$Z$2488,21,'Live Data'!$C$19)="","",INDEX(SPOT_Import!$A$1:$Z$2488,21,'Live Data'!$C$19)),"") | I21: =IFERROR(IF(INDEX(SPOT_Import!$A$1:$Z$2488,21,'Live Data'!$C$20)="","",INDEX(SPOT_Import!$A$1:$Z$2488,21,'Live Data'!$C$20)),"") -> Incomplete | J21: =IFERROR(IF(INDEX(SPOT_Import!$A$1:$Z$2488,21,'Live Data'!$C$21)="","",INDEX(SPOT_Import!$A$1:$Z$2488,21,'Live Data'!$C$21)),"") -> 2026-10-13T19:16:14.000Z | K21: =IFERROR(IF(INDEX(SPOT_Import!$A$1:$Z$2488,21,'Live Data'!$C$22)="","",INDEX(SPOT_Import!$A$1:$Z$2488,21,'Live Data'!$C$22)),"") -> 2026-10-13T19:16:14.000Z | L21: =IF(A21="","",IF(ISNUMBER(K21),TEXT(K21,"yyyy-mm"),LEFT(K21,7))) -> 2026-10 | M21: =IF(A21="","",UPPER(TRIM(SUBSTITUTE(C21," - ","-")))) -> EMBU | N21: =IF(A21="","",IFERROR(INDEX('Cluster Map'!$A$4:$A$38,MATCH(M21,'Cluster Map'!$B$4:$B$38,0)),"Unmapped")) -> Cluster 2 | O21: =IF(A21="",0,IF(COUNTIFS($A$2:A21,A21,$F$2:F21,F21,$L$2:L21,L21)=1,1,0)) -> 1 | P21: =IF(A21="",0,IF(AND(F21="C&T",COUNTIFS($A$2:A21,A21,$F$2:F21,"C&T")=1),1,0)) -> 0
A22: =IFERROR(IF(INDEX(SPOT_Import!$A$1:$Z$2488,22,'Live Data'!$C$12)="","",INDEX(SPOT_Import!$A$1:$Z$2488,22,'Live Data'!$C$12)),"") -> 12790 | B22: =IFERROR(IF(INDEX(SPOT_Import!$A$1:$Z$2488,22,'Live Data'!$C$13)="","",INDEX(SPOT_Import!$A$1:$Z$2488,22,'Live Data'!$C$13)),"") -> Embu Children Hospital | C22: =IFERROR(IF(INDEX(SPOT_Import!$A$1:$Z$2488,22,'Live Data'!$C$14)="","",INDEX(SPOT_Import!$A$1:$Z$2488,22,'Live Data'!$C$14)),"") -> EMBU | D22: =IFERROR(IF(INDEX(SPOT_Import!$A$1:$Z$2488,22,'Live Data'!$C$15)="","",INDEX(SPOT_Import!$A$1:$Z$2488,22,'Live Data'!$C$15)),"") -> Manyatta | E22: =IFERROR(IF(INDEX(SPOT_Import!$A$1:$Z$2488,22,'Live Data'!$C$16)="","",INDEX(SPOT_Import!$A$1:$Z$2488,22,'Live Data'!$C$16)),"") -> USAID Jamii Tekelezi | F22: =IFERROR(IF(INDEX(SPOT_Import!$A$1:$Z$2488,22,'Live Data'!$C$17)="","",INDEX(SPOT_Import!$A$1:$Z$2488,22,'Live Data'!$C$17)),"") -> HTS | G22: =IFERROR(IF(INDEX(SPOT_Import!$A$1:$Z$2488,22,'Live Data'!$C$18)="","",INDEX(SPOT_Import!$A$1:$Z$2488,22,'Live Data'!$C$18)),"") -> 2426 | H22: =IFERROR(IF(INDEX(SPOT_Import!$A$1:$Z$2488,22,'Live Data'!$C$19)="","",INDEX(SPOT_Import!$A$1:$Z$2488,22,'Live Data'!$C$19)),"") | I22: =IFERROR(IF(INDEX(SPOT_Import!$A$1:$Z$2488,22,'Live Data'!$C$20)="","",INDEX(SPOT_Import!$A$1:$Z$2488,22,'Live Data'!$C$20)),"") -> Incomplete | J22: =IFERROR(IF(INDEX(SPOT_Import!$A$1:$Z$2488,22,'Live Data'!$C$21)="","",INDEX(SPOT_Import!$A$1:$Z$2488,22,'Live Data'!$C$21)),"") -> 2026-10-13T19:15:45.000Z | K22: =IFERROR(IF(INDEX(SPOT_Import!$A$1:$Z$2488,22,'Live Data'!$C$22)="","",INDEX(SPOT_Import!$A$1:$Z$2488,22,'Live Data'!$C$22)),"") -> 2026-10-13T19:15:45.000Z | L22: =IF(A22="","",IF(ISNUMBER(K22),TEXT(K22,"yyyy-mm"),LEFT(K22,7))) -> 2026-10 | M22: =IF(A22="","",UPPER(TRIM(SUBSTITUTE(C22," - ","-")))) -> EMBU | N22: =IF(A22="","",IFERROR(INDEX('Cluster Map'!$A$4:$A$38,MATCH(M22,'Cluster Map'!$B$4:$B$38,0)),"Unmapped")) -> Cluster 2 | O22: =IF(A22="",0,IF(COUNTIFS($A$2:A22,A22,$F$2:F22,F22,$L$2:L22,L22)=1,1,0)) -> 1 | P22: =IF(A22="",0,IF(AND(F22="C&T",COUNTIFS($A$2:A22,A22,$F$2:F22,"C&T")=1),1,0)) -> 0
A23: =IFERROR(IF(INDEX(SPOT_Import!$A$1:$Z$2488,23,'Live Data'!$C$12)="","",INDEX(SPOT_Import!$A$1:$Z$2488,23,'Live Data'!$C$12)),"") -> 11059 | B23: =IFERROR(IF(INDEX(SPOT_Import!$A$1:$Z$2488,23,'Live Data'!$C$13)="","",INDEX(SPOT_Import!$A$1:$Z$2488,23,'Live Data'!$C$13)),"") -> St Mathews and Sarah Dispensary | C23: =IFERROR(IF(INDEX(SPOT_Import!$A$1:$Z$2488,23,'Live Data'!$C$14)="","",INDEX(SPOT_Import!$A$1:$Z$2488,23,'Live Data'!$C$14)),"") -> NYANDARUA | D23: =IFERROR(IF(INDEX(SPOT_Import!$A$1:$Z$2488,23,'Live Data'!$C$15)="","",INDEX(SPOT_Import!$A$1:$Z$2488,23,'Live Data'!$C$15)),"") -> Olkalou | E23: =IFERROR(IF(INDEX(SPOT_Import!$A$1:$Z$2488,23,'Live Data'!$C$16)="","",INDEX(SPOT_Import!$A$1:$Z$2488,23,'Live Data'!$C$16)),"") -> USAID Jamii Tekelezi | F23: =IFERROR(IF(INDEX(SPOT_Import!$A$1:$Z$2488,23,'Live Data'!$C$17)="","",INDEX(SPOT_Import!$A$1:$Z$2488,23,'Live Data'!$C$17)),"") -> C&T | G23: =IFERROR(IF(INDEX(SPOT_Import!$A$1:$Z$2488,23,'Live Data'!$C$18)="","",INDEX(SPOT_Import!$A$1:$Z$2488,23,'Live Data'!$C$18)),"") -> 68 | H23: =IFERROR(IF(INDEX(SPOT_Import!$A$1:$Z$2488,23,'Live Data'!$C$19)="","",INDEX(SPOT_Import!$A$1:$Z$2488,23,'Live Data'!$C$19)),"") -> 68 | I23: =IFERROR(IF(INDEX(SPOT_Import!$A$1:$Z$2488,23,'Live Data'!$C$20)="","",INDEX(SPOT_Import!$A$1:$Z$2488,23,'Live Data'!$C$20)),"") -> Complete | J23: =IFERROR(IF(INDEX(SPOT_Import!$A$1:$Z$2488,23,'Live Data'!$C$21)="","",INDEX(SPOT_Import!$A$1:$Z$2488,23,'Live Data'!$C$21)),"") -> 2026-10-13T18:55:09.000Z | K23: =IFERROR(IF(INDEX(SPOT_Import!$A$1:$Z$2488,23,'Live Data'!$C$22)="","",INDEX(SPOT_Import!$A$1:$Z$2488,23,'Live Data'!$C$22)),"") -> 2026-10-13T18:55:09.000Z | L23: =IF(A23="","",IF(ISNUMBER(K23),TEXT(K23,"yyyy-mm"),LEFT(K23,7))) -> 2026-10 | M23: =IF(A23="","",UPPER(TRIM(SUBSTITUTE(C23," - ","-")))) -> NYANDARUA | N23: =IF(A23="","",IFERROR(INDEX('Cluster Map'!$A$4:$A$38,MATCH(M23,'Cluster Map'!$B$4:$B$38,0)),"Unmapped")) -> Cluster 4 | O23: =IF(A23="",0,IF(COUNTIFS($A$2:A23,A23,$F$2:F23,F23,$L$2:L23,L23)=1,1,0)) -> 1 | P23: =IF(A23="",0,IF(AND(F23="C&T",COUNTIFS($A$2:A23,A23,$F$2:F23,"C&T")=1),1,0)) -> 1
A24: =IFERROR(IF(INDEX(SPOT_Import!$A$1:$Z$2488,24,'Live Data'!$C$12)="","",INDEX(SPOT_Import!$A$1:$Z$2488,24,'Live Data'!$C$12)),"") -> 12790 | B24: =IFERROR(IF(INDEX(SPOT_Import!$A$1:$Z$2488,24,'Live Data'!$C$13)="","",INDEX(SPOT_Import!$A$1:$Z$2488,24,'Live Data'!$C$13)),"") -> Embu Children Hospital | C24: =IFERROR(IF(INDEX(SPOT_Import!$A$1:$Z$2488,24,'Live Data'!$C$14)="","",INDEX(SPOT_Import!$A$1:$Z$2488,24,'Live Data'!$C$14)),"") -> EMBU | D24: =IFERROR(IF(INDEX(SPOT_Import!$A$1:$Z$2488,24,'Live Data'!$C$15)="","",INDEX(SPOT_Import!$A$1:$Z$2488,24,'Live Data'!$C$15)),"") -> Manyatta | E24: =IFERROR(IF(INDEX(SPOT_Import!$A$1:$Z$2488,24,'Live Data'!$C$16)="","",INDEX(SPOT_Import!$A$1:$Z$2488,24,'Live Data'!$C$16)),"") -> USAID Jamii Tekelezi | F24: =IFERROR(IF(INDEX(SPOT_Import!$A$1:$Z$2488,24,'Live Data'!$C$17)="","",INDEX(SPOT_Import!$A$1:$Z$2488,24,'Live Data'!$C$17)),"") -> C&T | G24: =IFERROR(IF(INDEX(SPOT_Import!$A$1:$Z$2488,24,'Live Data'!$C$18)="","",INDEX(SPOT_Import!$A$1:$Z$2488,24,'Live Data'!$C$18)),"") -> 396 | H24: =IFERROR(IF(INDEX(SPOT_Import!$A$1:$Z$2488,24,'Live Data'!$C$19)="","",INDEX(SPOT_Import!$A$1:$Z$2488,24,'Live Data'!$C$19)),"") -> 396 | I24: =IFERROR(IF(INDEX(SPOT_Import!$A$1:$Z$2488,24,'Live Data'!$C$20)="","",INDEX(SPOT_Import!$A$1:$Z$2488,24,'Live Data'!$C$20)),"") -> Complete | J24: =IFERROR(IF(INDEX(SPOT_Import!$A$1:$Z$2488,24,'Live Data'!$C$21)="","",INDEX(SPOT_Import!$A$1:$Z$2488,24,'Live Data'!$C$21)),"") -> 2026-10-13T18:45:21.000Z | K24: =IFERROR(IF(INDEX(SPOT_Import!$A$1:$Z$2488,24,'Live Data'!$C$22)="","",INDEX(SPOT_Import!$A$1:$Z$2488,24,'Live Data'!$C$22)),"") -> 2026-10-13T18:45:21.000Z | L24: =IF(A24="","",IF(ISNUMBER(K24),TEXT(K24,"yyyy-mm"),LEFT(K24,7))) -> 2026-10 | M24: =IF(A24="","",UPPER(TRIM(SUBSTITUTE(C24," - ","-")))) -> EMBU | N24: =IF(A24="","",IFERROR(INDEX('Cluster Map'!$A$4:$A$38,MATCH(M24,'Cluster Map'!$B$4:$B$38,0)),"Unmapped")) -> Cluster 2 | O24: =IF(A24="",0,IF(COUNTIFS($A$2:A24,A24,$F$2:F24,F24,$L$2:L24,L24)=1,1,0)) -> 1 | P24: =IF(A24="",0,IF(AND(F24="C&T",COUNTIFS($A$2:A24,A24,$F$2:F24,"C&T")=1),1,0)) -> 1
A25: =IFERROR(IF(INDEX(SPOT_Import!$A$1:$Z$2488,25,'Live Data'!$C$12)="","",INDEX(SPOT_Import!$A$1:$Z$2488,25,'Live Data'!$C$12)),"") -> 11942 | B25: =IFERROR(IF(INDEX(SPOT_Import!$A$1:$Z$2488,25,'Live Data'!$C$13)="","",INDEX(SPOT_Import!$A$1:$Z$2488,25,'Live Data'!$C$13)),"") -> Baragu Health Centre | C25: =IFERROR(IF(INDEX(SPOT_Import!$A$1:$Z$2488,25,'Live Data'!$C$14)="","",INDEX(SPOT_Import!$A$1:$Z$2488,25,'Live Data'!$C$14)),"") -> THARAKA-NITHI | D25: =IFERROR(IF(INDEX(SPOT_Import!$A$1:$Z$2488,25,'Live Data'!$C$15)="","",INDEX(SPOT_Import!$A$1:$Z$2488,25,'Live Data'!$C$15)),"") -> Mwimbi | E25: =IFERROR(IF(INDEX(SPOT_Import!$A$1:$Z$2488,25,'Live Data'!$C$16)="","",INDEX(SPOT_Import!$A$1:$Z$2488,25,'Live Data'!$C$16)),"") -> USAID Jamii Tekelezi | F25: =IFERROR(IF(INDEX(SPOT_Import!$A$1:$Z$2488,25,'Live Data'!$C$17)="","",INDEX(SPOT_Import!$A$1:$Z$2488,25,'Live Data'!$C$17)),"") -> C&T | G25: =IFERROR(IF(INDEX(SPOT_Import!$A$1:$Z$2488,25,'Live Data'!$C$18)="","",INDEX(SPOT_Import!$A$1:$Z$2488,25,'Live Data'!$C$18)),"") -> 209 | H25: =IFERROR(IF(INDEX(SPOT_Import!$A$1:$Z$2488,25,'Live Data'!$C$19)="","",INDEX(SPOT_Import!$A$1:$Z$2488,25,'Live Data'!$C$19)),"") -> 209 | I25: =IFERROR(IF(INDEX(SPOT_Import!$A$1:$Z$2488,25,'Live Data'!$C$20)="","",INDEX(SPOT_Import!$A$1:$Z$2488,25,'Live Data'!$C$20)),"") -> Complete | J25: =IFERROR(IF(INDEX(SPOT_Import!$A$1:$Z$2488,25,'Live Data'!$C$21)="","",INDEX(SPOT_Import!$A$1:$Z$2488,25,'Live Data'!$C$21)),"") -> 2026-10-13T09:56:58.000Z | K25: =IFERROR(IF(INDEX(SPOT_Import!$A$1:$Z$2488,25,'Live Data'!$C$22)="","",INDEX(SPOT_Import!$A$1:$Z$2488,25,'Live Data'!$C$22)),"") -> 2026-10-13T09:56:58.000Z | L25: =IF(A25="","",IF(ISNUMBER(K25),TEXT(K25,"yyyy-mm"),LEFT(K25,7))) -> 2026-10 | M25: =IF(A25="","",UPPER(TRIM(SUBSTITUTE(C25," - ","-")))) -> THARAKA-NITHI | N25: =IF(A25="","",IFERROR(INDEX('Cluster Map'!$A$4:$A$38,MATCH(M25,'Cluster Map'!$B$4:$B$38,0)),"Unmapped")) -> Cluster 2 | O25: =IF(A25="",0,IF(COUNTIFS($A$2:A25,A25,$F$2:F25,F25,$L$2:L25,L25)=1,1,0)) -> 1 | P25: =IF(A25="",0,IF(AND(F25="C&T",COUNTIFS($A$2:A25,A25,$F$2:F25,"C&T")=1),1,0)) -> 1
A26: =IFERROR(IF(INDEX(SPOT_Import!$A$1:$Z$2488,26,'Live Data'!$C$12)="","",INDEX(SPOT_Import!$A$1:$Z$2488,26,'Live Data'!$C$12)),"") -> 18782 | B26: =IFERROR(IF(INDEX(SPOT_Import!$A$1:$Z$2488,26,'Live Data'!$C$13)="","",INDEX(SPOT_Import!$A$1:$Z$2488,26,'Live Data'!$C$13)),"") -> Chamuka (CDF) Dispensary | C26: =IFERROR(IF(INDEX(SPOT_Import!$A$1:$Z$2488,26,'Live Data'!$C$14)="","",INDEX(SPOT_Import!$A$1:$Z$2488,26,'Live Data'!$C$14)),"") -> NYANDARUA | D26: =IFERROR(IF(INDEX(SPOT_Import!$A$1:$Z$2488,26,'Live Data'!$C$15)="","",INDEX(SPOT_Import!$A$1:$Z$2488,26,'Live Data'!$C$15)),"") -> Oljororok | E26: =IFERROR(IF(INDEX(SPOT_Import!$A$1:$Z$2488,26,'Live Data'!$C$16)="","",INDEX(SPOT_Import!$A$1:$Z$2488,26,'Live Data'!$C$16)),"") -> USAID Jamii Tekelezi | F26: =IFERROR(IF(INDEX(SPOT_Import!$A$1:$Z$2488,26,'Live Data'!$C$17)="","",INDEX(SPOT_Import!$A$1:$Z$2488,26,'Live Data'!$C$17)),"") -> C&T | G26: =IFERROR(IF(INDEX(SPOT_Import!$A$1:$Z$2488,26,'Live Data'!$C$18)="","",INDEX(SPOT_Import!$A$1:$Z$2488,26,'Live Data'!$C$18)),"") -> 270 | H26: =IFERROR(IF(INDEX(SPOT_Import!$A$1:$Z$2488,26,'Live Data'!$C$19)="","",INDEX(SPOT_Import!$A$1:$Z$2488,26,'Live Data'!$C$19)),"") -> 270 | I26: =IFERROR(IF(INDEX(SPOT_Import!$A$1:$Z$2488,26,'Live Data'!$C$20)="","",INDEX(SPOT_Import!$A$1:$Z$2488,26,'Live Data'!$C$20)),"") -> Complete | J26: =IFERROR(IF(INDEX(SPOT_Import!$A$1:$Z$2488,26,'Live Data'!$C$21)="","",INDEX(SPOT_Import!$A$1:$Z$2488,26,'Live Data'!$C$21)),"") -> 2026-10-13T08:09:07.000Z | K26: =IFERROR(IF(INDEX(SPOT_Import!$A$1:$Z$2488,26,'Live Data'!$C$22)="","",INDEX(SPOT_Import!$A$1:$Z$2488,26,'Live Data'!$C$22)),"") -> 2026-10-13T08:09:07.000Z | L26: =IF(A26="","",IF(ISNUMBER(K26),TEXT(K26,"yyyy-mm"),LEFT(K26,7))) -> 2026-10 | M26: =IF(A26="","",UPPER(TRIM(SUBSTITUTE(C26," - ","-")))) -> NYANDARUA | N26: =IF(A26="","",IFERROR(INDEX('Cluster Map'!$A$4:$A$38,MATCH(M26,'Cluster Map'!$B$4:$B$38,0)),"Unmapped")) -> Cluster 4 | O26: =IF(A26="",0,IF(COUNTIFS($A$2:A26,A26,$F$2:F26,F26,$L$2:L26,L26)=1,1,0)) -> 1 | P26: =IF(A26="",0,IF(AND(F26="C&T",COUNTIFS($A$2:A26,A26,$F$2:F26,"C&T")=1),1,0)) -> 1
A27: =IFERROR(IF(INDEX(SPOT_Import!$A$1:$Z$2488,27,'Live Data'!$C$12)="","",INDEX(SPOT_Import!$A$1:$Z$2488,27,'Live Data'!$C$12)),"") -> 11973 | B27: =IFERROR(IF(INDEX(SPOT_Import!$A$1:$Z$2488,27,'Live Data'!$C$13)="","",INDEX(SPOT_Import!$A$1:$Z$2488,27,'Live Data'!$C$13)),"") -> Chuka County Refferal Hospital | C27: =IFERROR(IF(INDEX(SPOT_Import!$A$1:$Z$2488,27,'Live Data'!$C$14)="","",INDEX(SPOT_Import!$A$1:$Z$2488,27,'Live Data'!$C$14)),"") -> THARAKA-NITHI | D27: =IFERROR(IF(INDEX(SPOT_Import!$A$1:$Z$2488,27,'Live Data'!$C$15)="","",INDEX(SPOT_Import!$A$1:$Z$2488,27,'Live Data'!$C$15)),"") -> Chuka | E27: =IFERROR(IF(INDEX(SPOT_Import!$A$1:$Z$2488,27,'Live Data'!$C$16)="","",INDEX(SPOT_Import!$A$1:$Z$2488,27,'Live Data'!$C$16)),"") -> USAID Jamii Tekelezi | F27: =IFERROR(IF(INDEX(SPOT_Import!$A$1:$Z$2488,27,'Live Data'!$C$17)="","",INDEX(SPOT_Import!$A$1:$Z$2488,27,'Live Data'!$C$17)),"") -> PREP | G27: =IFERROR(IF(INDEX(SPOT_Import!$A$1:$Z$2488,27,'Live Data'!$C$18)="","",INDEX(SPOT_Import!$A$1:$Z$2488,27,'Live Data'!$C$18)),"") -> 1379 | H27: =IFERROR(IF(INDEX(SPOT_Import!$A$1:$Z$2488,27,'Live Data'!$C$19)="","",INDEX(SPOT_Import!$A$1:$Z$2488,27,'Live Data'!$C$19)),"") | I27: =IFERROR(IF(INDEX(SPOT_Import!$A$1:$Z$2488,27,'Live Data'!$C$20)="","",INDEX(SPOT_Import!$A$1:$Z$2488,27,'Live Data'!$C$20)),"") -> Incomplete | J27: =IFERROR(IF(INDEX(SPOT_Import!$A$1:$Z$2488,27,'Live Data'!$C$21)="","",INDEX(SPOT_Import!$A$1:$Z$2488,27,'Live Data'!$C$21)),"") -> 2026-10-13T07:35:23.000Z | K27: =IFERROR(IF(INDEX(SPOT_Import!$A$1:$Z$2488,27,'Live Data'!$C$22)="","",INDEX(SPOT_Import!$A$1:$Z$2488,27,'Live Data'!$C$22)),"") -> 2026-10-13T07:35:23.000Z | L27: =IF(A27="","",IF(ISNUMBER(K27),TEXT(K27,"yyyy-mm"),LEFT(K27,7))) -> 2026-10 | M27: =IF(A27="","",UPPER(TRIM(SUBSTITUTE(C27," - ","-")))) -> THARAKA-NITHI | N27: =IF(A27="","",IFERROR(INDEX('Cluster Map'!$A$4:$A$38,MATCH(M27,'Cluster Map'!$B$4:$B$38,0)),"Unmapped")) -> Cluster 2 | O27: =IF(A27="",0,IF(COUNTIFS($A$2:A27,A27,$F$2:F27,F27,$L$2:L27,L27)=1,1,0)) -> 1 | P27: =IF(A27="",0,IF(AND(F27="C&T",COUNTIFS($A$2:A27,A27,$F$2:F27,"C&T")=1),1,0)) -> 0
A28: =IFERROR(IF(INDEX(SPOT_Import!$A$1:$Z$2488,28,'Live Data'!$C$12)="","",INDEX(SPOT_Import!$A$1:$Z$2488,28,'Live Data'!$C$12)),"") -> 12174 | B28: =IFERROR(IF(INDEX(SPOT_Import!$A$1:$Z$2488,28,'Live Data'!$C$13)="","",INDEX(SPOT_Import!$A$1:$Z$2488,28,'Live Data'!$C$13)),"") -> Kangeta Health Centre | C28: =IFERROR(IF(INDEX(SPOT_Import!$A$1:$Z$2488,28,'Live Data'!$C$14)="","",INDEX(SPOT_Import!$A$1:$Z$2488,28,'Live Data'!$C$14)),"") -> MERU | D28: =IFERROR(IF(INDEX(SPOT_Import!$A$1:$Z$2488,28,'Live Data'!$C$15)="","",INDEX(SPOT_Import!$A$1:$Z$2488,28,'Live Data'!$C$15)),"") -> Igembe Central | E28: =IFERROR(IF(INDEX(SPOT_Import!$A$1:$Z$2488,28,'Live Data'!$C$16)="","",INDEX(SPOT_Import!$A$1:$Z$2488,28,'Live Data'!$C$16)),"") -> USAID Jamii Tekelezi | F28: =IFERROR(IF(INDEX(SPOT_Import!$A$1:$Z$2488,28,'Live Data'!$C$17)="","",INDEX(SPOT_Import!$A$1:$Z$2488,28,'Live Data'!$C$17)),"") -> C&T | G28: =IFERROR(IF(INDEX(SPOT_Import!$A$1:$Z$2488,28,'Live Data'!$C$18)="","",INDEX(SPOT_Import!$A$1:$Z$2488,28,'Live Data'!$C$18)),"") -> 917 | H28: =IFERROR(IF(INDEX(SPOT_Import!$A$1:$Z$2488,28,'Live Data'!$C$19)="","",INDEX(SPOT_Import!$A$1:$Z$2488,28,'Live Data'!$C$19)),"") -> 917 | I28: =IFERROR(IF(INDEX(SPOT_Import!$A$1:$Z$2488,28,'Live Data'!$C$20)="","",INDEX(SPOT_Import!$A$1:$Z$2488,28,'Live Data'!$C$20)),"") -> Complete | J28: =IFERROR(IF(INDEX(SPOT_Import!$A$1:$Z$2488,28,'Live Data'!$C$21)="","",INDEX(SPOT_Import!$A$1:$Z$2488,28,'Live Data'!$C$21)),"") -> 2026-10-13T07:01:40.000Z | K28: =IFERROR(IF(INDEX(SPOT_Import!$A$1:$Z$2488,28,'Live Data'!$C$22)="","",INDEX(SPOT_Import!$A$1:$Z$2488,28,'Live Data'!$C$22)),"") -> 2026-10-13T07:01:40.000Z | L28: =IF(A28="","",IF(ISNUMBER(K28),TEXT(K28,"yyyy-mm"),LEFT(K28,7))) -> 2026-10 | M28: =IF(A28="","",UPPER(TRIM(SUBSTITUTE(C28," - ","-")))) -> MERU | N28: =IF(A28="","",IFERROR(INDEX('Cluster Map'!$A$4:$A$38,MATCH(M28,'Cluster Map'!$B$4:$B$38,0)),"Unmapped")) -> Cluster 1 | O28: =IF(A28="",0,IF(COUNTIFS($A$2:A28,A28,$F$2:F28,F28,$L$2:L28,L28)=1,1,0)) -> 1 | P28: =IF(A28="",0,IF(AND(F28="C&T",COUNTIFS($A$2:A28,A28,$F$2:F28,"C&T")=1),1,0)) -> 1
A29: =IFERROR(IF(INDEX(SPOT_Import!$A$1:$Z$2488,29,'Live Data'!$C$12)="","",INDEX(SPOT_Import!$A$1:$Z$2488,29,'Live Data'!$C$12)),"") -> 11973 | B29: =IFERROR(IF(INDEX(SPOT_Import!$A$1:$Z$2488,29,'Live Data'!$C$13)="","",INDEX(SPOT_Import!$A$1:$Z$2488,29,'Live Data'!$C$13)),"") -> Chuka District Hospital | C29: =IFERROR(IF(INDEX(SPOT_Import!$A$1:$Z$2488,29,'Live Data'!$C$14)="","",INDEX(SPOT_Import!$A$1:$Z$2488,29,'Live Data'!$C$14)),"") -> THARAKA-NITHI | D29: =IFERROR(IF(INDEX(SPOT_Import!$A$1:$Z$2488,29,'Live Data'!$C$15)="","",INDEX(SPOT_Import!$A$1:$Z$2488,29,'Live Data'!$C$15)),"") -> Chuka | E29: =IFERROR(IF(INDEX(SPOT_Import!$A$1:$Z$2488,29,'Live Data'!$C$16)="","",INDEX(SPOT_Import!$A$1:$Z$2488,29,'Live Data'!$C$16)),"") -> USAID Jamii Tekelezi | F29: =IFERROR(IF(INDEX(SPOT_Import!$A$1:$Z$2488,29,'Live Data'!$C$17)="","",INDEX(SPOT_Import!$A$1:$Z$2488,29,'Live Data'!$C$17)),"") -> C&T | G29: =IFERROR(IF(INDEX(SPOT_Import!$A$1:$Z$2488,29,'Live Data'!$C$18)="","",INDEX(SPOT_Import!$A$1:$Z$2488,29,'Live Data'!$C$18)),"") -> 3530 | H29: =IFERROR(IF(INDEX(SPOT_Import!$A$1:$Z$2488,29,'Live Data'!$C$19)="","",INDEX(SPOT_Import!$A$1:$Z$2488,29,'Live Data'!$C$19)),"") -> 3530 | I29: =IFERROR(IF(INDEX(SPOT_Import!$A$1:$Z$2488,29,'Live Data'!$C$20)="","",INDEX(SPOT_Import!$A$1:$Z$2488,29,'Live Data'!$C$20)),"") -> Complete | J29: =IFERROR(IF(INDEX(SPOT_Import!$A$1:$Z$2488,29,'Live Data'!$C$21)="","",INDEX(SPOT_Import!$A$1:$Z$2488,29,'Live Data'!$C$21)),"") -> 2026-10-13T06:54:49.000Z | K29: =IFERROR(IF(INDEX(SPOT_Import!$A$1:$Z$2488,29,'Live Data'!$C$22)="","",INDEX(SPOT_Import!$A$1:$Z$2488,29,'Live Data'!$C$22)),"") -> 2026-10-13T06:54:49.000Z | L29: =IF(A29="","",IF(ISNUMBER(K29),TEXT(K29,"yyyy-mm"),LEFT(K29,7))) -> 2026-10 | M29: =IF(A29="","",UPPER(TRIM(SUBSTITUTE(C29," - ","-")))) -> THARAKA-NITHI | N29: =IF(A29="","",IFERROR(INDEX('Cluster Map'!$A$4:$A$38,MATCH(M29,'Cluster Map'!$B$4:$B$38,0)),"Unmapped")) -> Cluster 2 | O29: =IF(A29="",0,IF(COUNTIFS($A$2:A29,A29,$F$2:F29,F29,$L$2:L29,L29)=1,1,0)) -> 1 | P29: =IF(A29="",0,IF(AND(F29="C&T",COUNTIFS($A$2:A29,A29,$F$2:F29,"C&T")=1),1,0)) -> 1
A30: =IFERROR(IF(INDEX(SPOT_Import!$A$1:$Z$2488,30,'Live Data'!$C$12)="","",INDEX(SPOT_Import!$A$1:$Z$2488,30,'Live Data'!$C$12)),"") -> 12516 | B30: =IFERROR(IF(INDEX(SPOT_Import!$A$1:$Z$2488,30,'Live Data'!$C$13)="","",INDEX(SPOT_Import!$A$1:$Z$2488,30,'Live Data'!$C$13)),"") -> Meru District hospital | C30: =IFERROR(IF(INDEX(SPOT_Import!$A$1:$Z$2488,30,'Live Data'!$C$14)="","",INDEX(SPOT_Import!$A$1:$Z$2488,30,'Live Data'!$C$14)),"") -> MERU | D30: =IFERROR(IF(INDEX(SPOT_Import!$A$1:$Z$2488,30,'Live Data'!$C$15)="","",INDEX(SPOT_Import!$A$1:$Z$2488,30,'Live Data'!$C$15)),"") -> Imenti North | E30: =IFERROR(IF(INDEX(SPOT_Import!$A$1:$Z$2488,30,'Live Data'!$C$16)="","",INDEX(SPOT_Import!$A$1:$Z$2488,30,'Live Data'!$C$16)),"") -> USAID Jamii Tekelezi | F30: =IFERROR(IF(INDEX(SPOT_Import!$A$1:$Z$2488,30,'Live Data'!$C$17)="","",INDEX(SPOT_Import!$A$1:$Z$2488,30,'Live Data'!$C$17)),"") -> C&T | G30: =IFERROR(IF(INDEX(SPOT_Import!$A$1:$Z$2488,30,'Live Data'!$C$18)="","",INDEX(SPOT_Import!$A$1:$Z$2488,30,'Live Data'!$C$18)),"") -> 10443 | H30: =IFERROR(IF(INDEX(SPOT_Import!$A$1:$Z$2488,30,'Live Data'!$C$19)="","",INDEX(SPOT_Import!$A$1:$Z$2488,30,'Live Data'!$C$19)),"") | I30: =IFERROR(IF(INDEX(SPOT_Import!$A$1:$Z$2488,30,'Live Data'!$C$20)="","",INDEX(SPOT_Import!$A$1:$Z$2488,30,'Live Data'!$C$20)),"") -> Incomplete | J30: =IFERROR(IF(INDEX(SPOT_Import!$A$1:$Z$2488,30,'Live Data'!$C$21)="","",INDEX(SPOT_Import!$A$1:$Z$2488,30,'Live Data'!$C$21)),"") -> 2026-10-12T17:55:43.000Z | K30: =IFERROR(IF(INDEX(SPOT_Import!$A$1:$Z$2488,30,'Live Data'!$C$22)="","",INDEX(SPOT_Import!$A$1:$Z$2488,30,'Live Data'!$C$22)),"") -> 2026-10-12T17:55:43.000Z | L30: =IF(A30="","",IF(ISNUMBER(K30),TEXT(K30,"yyyy-mm"),LEFT(K30,7))) -> 2026-10 | M30: =IF(A30="","",UPPER(TRIM(SUBSTITUTE(C30," - ","-")))) -> MERU | N30: =IF(A30="","",IFERROR(INDEX('Cluster Map'!$A$4:$A$38,MATCH(M30,'Cluster Map'!$B$4:$B$38,0)),"Unmapped")) -> Cluster 1 | O30: =IF(A30="",0,IF(COUNTIFS($A$2:A30,A30,$F$2:F30,F30,$L$2:L30,L30)=1,1,0)) -> 1 | P30: =IF(A30="",0,IF(AND(F30="C&T",COUNTIFS($A$2:A30,A30,$F$2:F30,"C&T")=1),1,0)) -> 1
A31: =IFERROR(IF(INDEX(SPOT_Import!$A$1:$Z$2488,31,'Live Data'!$C$12)="","",INDEX(SPOT_Import!$A$1:$Z$2488,31,'Live Data'!$C$12)),"") -> 12391 | B31: =IFERROR(IF(INDEX(SPOT_Import!$A$1:$Z$2488,31,'Live Data'!$C$13)="","",INDEX(SPOT_Import!$A$1:$Z$2488,31,'Live Data'!$C$13)),"") -> Kunene Dispensary | C31: =IFERROR(IF(INDEX(SPOT_Import!$A$1:$Z$2488,31,'Live Data'!$C$14)="","",INDEX(SPOT_Import!$A$1:$Z$2488,31,'Live Data'!$C$14)),"") -> MERU | D31: =IFERROR(IF(INDEX(SPOT_Import!$A$1:$Z$2488,31,'Live Data'!$C$15)="","",INDEX(SPOT_Import!$A$1:$Z$2488,31,'Live Data'!$C$15)),"") -> Tigania West | E31: =IFERROR(IF(INDEX(SPOT_Import!$A$1:$Z$2488,31,'Live Data'!$C$16)="","",INDEX(SPOT_Import!$A$1:$Z$2488,31,'Live Data'!$C$16)),"") -> USAID Jamii Tekelezi | F31: =IFERROR(IF(INDEX(SPOT_Import!$A$1:$Z$2488,31,'Live Data'!$C$17)="","",INDEX(SPOT_Import!$A$1:$Z$2488,31,'Live Data'!$C$17)),"") -> C&T | G31: =IFERROR(IF(INDEX(SPOT_Import!$A$1:$Z$2488,31,'Live Data'!$C$18)="","",INDEX(SPOT_Import!$A$1:$Z$2488,31,'Live Data'!$C$18)),"") -> 3 | H31: =IFERROR(IF(INDEX(SPOT_Import!$A$1:$Z$2488,31,'Live Data'!$C$19)="","",INDEX(SPOT_Import!$A$1:$Z$2488,31,'Live Data'!$C$19)),"") -> 3 | I31: =IFERROR(IF(INDEX(SPOT_Import!$A$1:$Z$2488,31,'Live Data'!$C$20)="","",INDEX(SPOT_Import!$A$1:$Z$2488,31,'Live Data'!$C$20)),"") -> Complete | J31: =IFERROR(IF(INDEX(SPOT_Import!$A$1:$Z$2488,31,'Live Data'!$C$21)="","",INDEX(SPOT_Import!$A$1:$Z$2488,31,'Live Data'!$C$21)),"") -> 2026-10-12T17:15:14.000Z | K31: =IFERROR(IF(INDEX(SPOT_Import!$A$1:$Z$2488,31,'Live Data'!$C$22)="","",INDEX(SPOT_Import!$A$1:$Z$2488,31,'Live Data'!$C$22)),"") -> 2026-10-12T17:15:14.000Z | L31: =IF(A31="","",IF(ISNUMBER(K31),TEXT(K31,"yyyy-mm"),LEFT(K31,7))) -> 2026-10 | M31: =IF(A31="","",UPPER(TRIM(SUBSTITUTE(C31," - ","-")))) -> MERU | N31: =IF(A31="","",IFERROR(INDEX('Cluster Map'!$A$4:$A$38,MATCH(M31,'Cluster Map'!$B$4:$B$38,0)),"Unmapped")) -> Cluster 1 | O31: =IF(A31="",0,IF(COUNTIFS($A$2:A31,A31,$F$2:F31,F31,$L$2:L31,L31)=1,1,0)) -> 1 | P31: =IF(A31="",0,IF(AND(F31="C&T",COUNTIFS($A$2:A31,A31,$F$2:F31,"C&T")=1),1,0)) -> 1
A32: =IFERROR(IF(INDEX(SPOT_Import!$A$1:$Z$2488,32,'Live Data'!$C$12)="","",INDEX(SPOT_Import!$A$1:$Z$2488,32,'Live Data'!$C$12)),"") -> 12303 | B32: =IFERROR(IF(INDEX(SPOT_Import!$A$1:$Z$2488,32,'Live Data'!$C$13)="","",INDEX(SPOT_Import!$A$1:$Z$2488,32,'Live Data'!$C$13)),"") -> St Theresa Hospital (Kiirua) | C32: =IFERROR(IF(INDEX(SPOT_Import!$A$1:$Z$2488,32,'Live Data'!$C$14)="","",INDEX(SPOT_Import!$A$1:$Z$2488,32,'Live Data'!$C$14)),"") -> MERU | D32: =IFERROR(IF(INDEX(SPOT_Import!$A$1:$Z$2488,32,'Live Data'!$C$15)="","",INDEX(SPOT_Import!$A$1:$Z$2488,32,'Live Data'!$C$15)),"") -> Buuri | E32: =IFERROR(IF(INDEX(SPOT_Import!$A$1:$Z$2488,32,'Live Data'!$C$16)="","",INDEX(SPOT_Import!$A$1:$Z$2488,32,'Live Data'!$C$16)),"") -> USAID Jamii Tekelezi | F32: =IFERROR(IF(INDEX(SPOT_Import!$A$1:$Z$2488,32,'Live Data'!$C$17)="","",INDEX(SPOT_Import!$A$1:$Z$2488,32,'Live Data'!$C$17)),"") -> PREP | G32: =IFERROR(IF(INDEX(SPOT_Import!$A$1:$Z$2488,32,'Live Data'!$C$18)="","",INDEX(SPOT_Import!$A$1:$Z$2488,32,'Live Data'!$C$18)),"") -> 24 | H32: =IFERROR(IF(INDEX(SPOT_Import!$A$1:$Z$2488,32,'Live Data'!$C$19)="","",INDEX(SPOT_Import!$A$1:$Z$2488,32,'Live Data'!$C$19)),"") -> 24 | I32: =IFERROR(IF(INDEX(SPOT_Import!$A$1:$Z$2488,32,'Live Data'!$C$20)="","",INDEX(SPOT_Import!$A$1:$Z$2488,32,'Live Data'!$C$20)),"") -> Complete | J32: =IFERROR(IF(INDEX(SPOT_Import!$A$1:$Z$2488,32,'Live Data'!$C$21)="","",INDEX(SPOT_Import!$A$1:$Z$2488,32,'Live Data'!$C$21)),"") -> 2026-10-12T13:02:21.000Z | K32: =IFERROR(IF(INDEX(SPOT_Import!$A$1:$Z$2488,32,'Live Data'!$C$22)="","",INDEX(SPOT_Import!$A$1:$Z$2488,32,'Live Data'!$C$22)),"") -> 2026-10-12T13:02:21.000Z | L32: =IF(A32="","",IF(ISNUMBER(K32),TEXT(K32,"yyyy-mm"),LEFT(K32,7))) -> 2026-10 | M32: =IF(A32="","",UPPER(TRIM(SUBSTITUTE(C32," - ","-")))) -> MERU | N32: =IF(A32="","",IFERROR(INDEX('Cluster Map'!$A$4:$A$38,MATCH(M32,'Cluster Map'!$B$4:$B$38,0)),"Unmapped")) -> Cluster 1 | O32: =IF(A32="",0,IF(COUNTIFS($A$2:A32,A32,$F$2:F32,F32,$L$2:L32,L32)=1,1,0)) -> 1 | P32: =IF(A32="",0,IF(AND(F32="C&T",COUNTIFS($A$2:A32,A32,$F$2:F32,"C&T")=1),1,0)) -> 0
A33: =IFERROR(IF(INDEX(SPOT_Import!$A$1:$Z$2488,33,'Live Data'!$C$12)="","",INDEX(SPOT_Import!$A$1:$Z$2488,33,'Live Data'!$C$12)),"") -> 12303 | B33: =IFERROR(IF(INDEX(SPOT_Import!$A$1:$Z$2488,33,'Live Data'!$C$13)="","",INDEX(SPOT_Import!$A$1:$Z$2488,33,'Live Data'!$C$13)),"") -> St Theresa Hospital (Kiirua) | C33: =IFERROR(IF(INDEX(SPOT_Import!$A$1:$Z$2488,33,'Live Data'!$C$14)="","",INDEX(SPOT_Import!$A$1:$Z$2488,33,'Live Data'!$C$14)),"") -> MERU | D33: =IFERROR(IF(INDEX(SPOT_Import!$A$1:$Z$2488,33,'Live Data'!$C$15)="","",INDEX(SPOT_Import!$A$1:$Z$2488,33,'Live Data'!$C$15)),"") -> Buuri | E33: =IFERROR(IF(INDEX(SPOT_Import!$A$1:$Z$2488,33,'Live Data'!$C$16)="","",INDEX(SPOT_Import!$A$1:$Z$2488,33,'Live Data'!$C$16)),"") -> USAID Jamii Tekelezi | F33: =IFERROR(IF(INDEX(SPOT_Import!$A$1:$Z$2488,33,'Live Data'!$C$17)="","",INDEX(SPOT_Import!$A$1:$Z$2488,33,'Live Data'!$C$17)),"") -> MNCH | G33: =IFERROR(IF(INDEX(SPOT_Import!$A$1:$Z$2488,33,'Live Data'!$C$18)="","",INDEX(SPOT_Import!$A$1:$Z$2488,33,'Live Data'!$C$18)),"") -> 282 | H33: =IFERROR(IF(INDEX(SPOT_Import!$A$1:$Z$2488,33,'Live Data'!$C$19)="","",INDEX(SPOT_Import!$A$1:$Z$2488,33,'Live Data'!$C$19)),"") -> 282 | I33: =IFERROR(IF(INDEX(SPOT_Import!$A$1:$Z$2488,33,'Live Data'!$C$20)="","",INDEX(SPOT_Import!$A$1:$Z$2488,33,'Live Data'!$C$20)),"") -> Complete | J33: =IFERROR(IF(INDEX(SPOT_Import!$A$1:$Z$2488,33,'Live Data'!$C$21)="","",INDEX(SPOT_Import!$A$1:$Z$2488,33,'Live Data'!$C$21)),"") -> 2026-10-12T13:02:09.000Z | K33: =IFERROR(IF(INDEX(SPOT_Import!$A$1:$Z$2488,33,'Live Data'!$C$22)="","",INDEX(SPOT_Import!$A$1:$Z$2488,33,'Live Data'!$C$22)),"") -> 2026-10-12T13:02:09.000Z | L33: =IF(A33="","",IF(ISNUMBER(K33),TEXT(K33,"yyyy-mm"),LEFT(K33,7))) -> 2026-10 | M33: =IF(A33="","",UPPER(TRIM(SUBSTITUTE(C33," - ","-")))) -> MERU | N33: =IF(A33="","",IFERROR(INDEX('Cluster Map'!$A$4:$A$38,MATCH(M33,'Cluster Map'!$B$4:$B$38,0)),"Unmapped")) -> Cluster 1 | O33: =IF(A33="",0,IF(COUNTIFS($A$2:A33,A33,$F$2:F33,F33,$L$2:L33,L33)=1,1,0)) -> 1 | P33: =IF(A33="",0,IF(AND(F33="C&T",COUNTIFS($A$2:A33,A33,$F$2:F33,"C&T")=1),1,0)) -> 0
A34: =IFERROR(IF(INDEX(SPOT_Import!$A$1:$Z$2488,34,'Live Data'!$C$12)="","",INDEX(SPOT_Import!$A$1:$Z$2488,34,'Live Data'!$C$12)),"") -> 12303 | B34: =IFERROR(IF(INDEX(SPOT_Import!$A$1:$Z$2488,34,'Live Data'!$C$13)="","",INDEX(SPOT_Import!$A$1:$Z$2488,34,'Live Data'!$C$13)),"") -> St Theresa Hospital (Kiirua) | C34: =IFERROR(IF(INDEX(SPOT_Import!$A$1:$Z$2488,34,'Live Data'!$C$14)="","",INDEX(SPOT_Import!$A$1:$Z$2488,34,'Live Data'!$C$14)),"") -> MERU | D34: =IFERROR(IF(INDEX(SPOT_Import!$A$1:$Z$2488,34,'Live Data'!$C$15)="","",INDEX(SPOT_Import!$A$1:$Z$2488,34,'Live Data'!$C$15)),"") -> Buuri | E34: =IFERROR(IF(INDEX(SPOT_Import!$A$1:$Z$2488,34,'Live Data'!$C$16)="","",INDEX(SPOT_Import!$A$1:$Z$2488,34,'Live Data'!$C$16)),"") -> USAID Jamii Tekelezi | F34: =IFERROR(IF(INDEX(SPOT_Import!$A$1:$Z$2488,34,'Live Data'!$C$17)="","",INDEX(SPOT_Import!$A$1:$Z$2488,34,'Live Data'!$C$17)),"") -> HTS | G34: =IFERROR(IF(INDEX(SPOT_Import!$A$1:$Z$2488,34,'Live Data'!$C$18)="","",INDEX(SPOT_Import!$A$1:$Z$2488,34,'Live Data'!$C$18)),"") -> 1867 | H34: =IFERROR(IF(INDEX(SPOT_Import!$A$1:$Z$2488,34,'Live Data'!$C$19)="","",INDEX(SPOT_Import!$A$1:$Z$2488,34,'Live Data'!$C$19)),"") -> 1867 | I34: =IFERROR(IF(INDEX(SPOT_Import!$A$1:$Z$2488,34,'Live Data'!$C$20)="","",INDEX(SPOT_Import!$A$1:$Z$2488,34,'Live Data'!$C$20)),"") -> Complete | J34: =IFERROR(IF(INDEX(SPOT_Import!$A$1:$Z$2488,34,'Live Data'!$C$21)="","",INDEX(SPOT_Import!$A$1:$Z$2488,34,'Live Data'!$C$21)),"") -> 2026-10-12T13:01:54.000Z | K34: =IFERROR(IF(INDEX(SPOT_Import!$A$1:$Z$2488,34,'Live Data'!$C$22)="","",INDEX(SPOT_Import!$A$1:$Z$2488,34,'Live Data'!$C$22)),"") -> 2026-10-12T13:01:54.000Z | L34: =IF(A34="","",IF(ISNUMBER(K34),TEXT(K34,"yyyy-mm"),LEFT(K34,7))) -> 2026-10 | M34: =IF(A34="","",UPPER(TRIM(SUBSTITUTE(C34," - ","-")))) -> MERU | N34: =IF(A34="","",IFERROR(INDEX('Cluster Map'!$A$4:$A$38,MATCH(M34,'Cluster Map'!$B$4:$B$38,0)),"Unmapped")) -> Cluster 1 | O34: =IF(A34="",0,IF(COUNTIFS($A$2:A34,A34,$F$2:F34,F34,$L$2:L34,L34)=1,1,0)) -> 1 | P34: =IF(A34="",0,IF(AND(F34="C&T",COUNTIFS($A$2:A34,A34,$F$2:F34,"C&T")=1),1,0)) -> 0
A35: =IFERROR(IF(INDEX(SPOT_Import!$A$1:$Z$2488,35,'Live Data'!$C$12)="","",INDEX(SPOT_Import!$A$1:$Z$2488,35,'Live Data'!$C$12)),"") -> 12303 | B35: =IFERROR(IF(INDEX(SPOT_Import!$A$1:$Z$2488,35,'Live Data'!$C$13)="","",INDEX(SPOT_Import!$A$1:$Z$2488,35,'Live Data'!$C$13)),"") -> St Theresa Kiirua Hospital (Kiirua) | C35: =IFERROR(IF(INDEX(SPOT_Import!$A$1:$Z$2488,35,'Live Data'!$C$14)="","",INDEX(SPOT_Import!$A$1:$Z$2488,35,'Live Data'!$C$14)),"") -> MERU | D35: =IFERROR(IF(INDEX(SPOT_Import!$A$1:$Z$2488,35,'Live Data'!$C$15)="","",INDEX(SPOT_Import!$A$1:$Z$2488,35,'Live Data'!$C$15)),"") -> Buuri | E35: =IFERROR(IF(INDEX(SPOT_Import!$A$1:$Z$2488,35,'Live Data'!$C$16)="","",INDEX(SPOT_Import!$A$1:$Z$2488,35,'Live Data'!$C$16)),"") -> USAID Jamii Tekelezi | F35: =IFERROR(IF(INDEX(SPOT_Import!$A$1:$Z$2488,35,'Live Data'!$C$17)="","",INDEX(SPOT_Import!$A$1:$Z$2488,35,'Live Data'!$C$17)),"") -> C&T | G35: =IFERROR(IF(INDEX(SPOT_Import!$A$1:$Z$2488,35,'Live Data'!$C$18)="","",INDEX(SPOT_Import!$A$1:$Z$2488,35,'Live Data'!$C$18)),"") -> 1745 | H35: =IFERROR(IF(INDEX(SPOT_Import!$A$1:$Z$2488,35,'Live Data'!$C$19)="","",INDEX(SPOT_Import!$A$1:$Z$2488,35,'Live Data'!$C$19)),"") -> 1745 | I35: =IFERROR(IF(INDEX(SPOT_Import!$A$1:$Z$2488,35,'Live Data'!$C$20)="","",INDEX(SPOT_Import!$A$1:$Z$2488,35,'Live Data'!$C$20)),"") -> Complete | J35: =IFERROR(IF(INDEX(SPOT_Import!$A$1:$Z$2488,35,'Live Data'!$C$21)="","",INDEX(SPOT_Import!$A$1:$Z$2488,35,'Live Data'!$C$21)),"") -> 2026-10-12T12:37:08.000Z | K35: =IFERROR(IF(INDEX(SPOT_Import!$A$1:$Z$2488,35,'Live Data'!$C$22)="","",INDEX(SPOT_Import!$A$1:$Z$2488,35,'Live Data'!$C$22)),"") -> 2026-10-12T12:37:08.000Z | L35: =IF(A35="","",IF(ISNUMBER(K35),TEXT(K35,"yyyy-mm"),LEFT(K35,7))) -> 2026-10 | M35: =IF(A35="","",UPPER(TRIM(SUBSTITUTE(C35," - ","-")))) -> MERU | N35: =IF(A35="","",IFERROR(INDEX('Cluster Map'!$A$4:$A$38,MATCH(M35,'Cluster Map'!$B$4:$B$38,0)),"Unmapped")) -> Cluster 1 | O35: =IF(A35="",0,IF(COUNTIFS($A$2:A35,A35,$F$2:F35,F35,$L$2:L35,L35)=1,1,0)) -> 1 | P35: =IF(A35="",0,IF(AND(F35="C&T",COUNTIFS($A$2:A35,A35,$F$2:F35,"C&T")=1),1,0)) -> 1
A36: =IFERROR(IF(INDEX(SPOT_Import!$A$1:$Z$2488,36,'Live Data'!$C$12)="","",INDEX(SPOT_Import!$A$1:$Z$2488,36,'Live Data'!$C$12)),"") -> 11009 | B36: =IFERROR(IF(INDEX(SPOT_Import!$A$1:$Z$2488,36,'Live Data'!$C$13)="","",INDEX(SPOT_Import!$A$1:$Z$2488,36,'Live Data'!$C$13)),"") -> Silibwet Health Centre (Nyandaruawest) | C36: =IFERROR(IF(INDEX(SPOT_Import!$A$1:$Z$2488,36,'Live Data'!$C$14)="","",INDEX(SPOT_Import!$A$1:$Z$2488,36,'Live Data'!$C$14)),"") -> NYANDARUA | D36: =IFERROR(IF(INDEX(SPOT_Import!$A$1:$Z$2488,36,'Live Data'!$C$15)="","",INDEX(SPOT_Import!$A$1:$Z$2488,36,'Live Data'!$C$15)),"") -> Oljororok | E36: =IFERROR(IF(INDEX(SPOT_Import!$A$1:$Z$2488,36,'Live Data'!$C$16)="","",INDEX(SPOT_Import!$A$1:$Z$2488,36,'Live Data'!$C$16)),"") -> USAID Jamii Tekelezi | F36: =IFERROR(IF(INDEX(SPOT_Import!$A$1:$Z$2488,36,'Live Data'!$C$17)="","",INDEX(SPOT_Import!$A$1:$Z$2488,36,'Live Data'!$C$17)),"") -> C&T | G36: =IFERROR(IF(INDEX(SPOT_Import!$A$1:$Z$2488,36,'Live Data'!$C$18)="","",INDEX(SPOT_Import!$A$1:$Z$2488,36,'Live Data'!$C$18)),"") -> 474 | H36: =IFERROR(IF(INDEX(SPOT_Import!$A$1:$Z$2488,36,'Live Data'!$C$19)="","",INDEX(SPOT_Import!$A$1:$Z$2488,36,'Live Data'!$C$19)),"") -> 474 | I36: =IFERROR(IF(INDEX(SPOT_Import!$A$1:$Z$2488,36,'Live Data'!$C$20)="","",INDEX(SPOT_Import!$A$1:$Z$2488,36,'Live Data'!$C$20)),"") -> Complete | J36: =IFERROR(IF(INDEX(SPOT_Import!$A$1:$Z$2488,36,'Live Data'!$C$21)="","",INDEX(SPOT_Import!$A$1:$Z$2488,36,'Live Data'!$C$21)),"") -> 2026-10-12T12:21:19.000Z | K36: =IFERROR(IF(INDEX(SPOT_Import!$A$1:$Z$2488,36,'Live Data'!$C$22)="","",INDEX(SPOT_Import!$A$1:$Z$2488,36,'Live Data'!$C$22)),"") -> 2026-10-12T12:21:19.000Z | L36: =IF(A36="","",IF(ISNUMBER(K36),TEXT(K36,"yyyy-mm"),LEFT(K36,7))) -> 2026-10 | M36: =IF(A36="","",UPPER(TRIM(SUBSTITUTE(C36," - ","-")))) -> NYANDARUA | N36: =IF(A36="","",IFERROR(INDEX('Cluster Map'!$A$4:$A$38,MATCH(M36,'Cluster Map'!$B$4:$B$38,0)),"Unmapped")) -> Cluster 4 | O36: =IF(A36="",0,IF(COUNTIFS($A$2:A36,A36,$F$2:F36,F36,$L$2:L36,L36)=1,1,0)) -> 1 | P36: =IF(A36="",0,IF(AND(F36="C&T",COUNTIFS($A$2:A36,A36,$F$2:F36,"C&T")=1),1,0)) -> 1
A37: =IFERROR(IF(INDEX(SPOT_Import!$A$1:$Z$2488,37,'Live Data'!$C$12)="","",INDEX(SPOT_Import!$A$1:$Z$2488,37,'Live Data'!$C$12)),"") -> 12816 | B37: =IFERROR(IF(INDEX(SPOT_Import!$A$1:$Z$2488,37,'Live Data'!$C$13)="","",INDEX(SPOT_Import!$A$1:$Z$2488,37,'Live Data'!$C$13)),"") -> Tuuru Catholic Health Centre | C37: =IFERROR(IF(INDEX(SPOT_Import!$A$1:$Z$2488,37,'Live Data'!$C$14)="","",INDEX(SPOT_Import!$A$1:$Z$2488,37,'Live Data'!$C$14)),"") -> MERU | D37: =IFERROR(IF(INDEX(SPOT_Import!$A$1:$Z$2488,37,'Live Data'!$C$15)="","",INDEX(SPOT_Import!$A$1:$Z$2488,37,'Live Data'!$C$15)),"") -> Igembe Central | E37: =IFERROR(IF(INDEX(SPOT_Import!$A$1:$Z$2488,37,'Live Data'!$C$16)="","",INDEX(SPOT_Import!$A$1:$Z$2488,37,'Live Data'!$C$16)),"") -> USAID Jamii Tekelezi | F37: =IFERROR(IF(INDEX(SPOT_Import!$A$1:$Z$2488,37,'Live Data'!$C$17)="","",INDEX(SPOT_Import!$A$1:$Z$2488,37,'Live Data'!$C$17)),"") -> HTS | G37: =IFERROR(IF(INDEX(SPOT_Import!$A$1:$Z$2488,37,'Live Data'!$C$18)="","",INDEX(SPOT_Import!$A$1:$Z$2488,37,'Live Data'!$C$18)),"") -> 1 | H37: =IFERROR(IF(INDEX(SPOT_Import!$A$1:$Z$2488,37,'Live Data'!$C$19)="","",INDEX(SPOT_Import!$A$1:$Z$2488,37,'Live Data'!$C$19)),"") -> 1 | I37: =IFERROR(IF(INDEX(SPOT_Import!$A$1:$Z$2488,37,'Live Data'!$C$20)="","",INDEX(SPOT_Import!$A$1:$Z$2488,37,'Live Data'!$C$20)),"") -> Complete | J37: =IFERROR(IF(INDEX(SPOT_Import!$A$1:$Z$2488,37,'Live Data'!$C$21)="","",INDEX(SPOT_Import!$A$1:$Z$2488,37,'Live Data'!$C$21)),"") -> 2026-10-12T12:06:15.000Z | K37: =IFERROR(IF(INDEX(SPOT_Import!$A$1:$Z$2488,37,'Live Data'!$C$22)="","",INDEX(SPOT_Import!$A$1:$Z$2488,37,'Live Data'!$C$22)),"") -> 2026-10-12T12:06:15.000Z | L37: =IF(A37="","",IF(ISNUMBER(K37),TEXT(K37,"yyyy-mm"),LEFT(K37,7))) -> 2026-10 | M37: =IF(A37="","",UPPER(TRIM(SUBSTITUTE(C37," - ","-")))) -> MERU | N37: =IF(A37="","",IFERROR(INDEX('Cluster Map'!$A$4:$A$38,MATCH(M37,'Cluster Map'!$B$4:$B$38,0)),"Unmapped")) -> Cluster 1 | O37: =IF(A37="",0,IF(COUNTIFS($A$2:A37,A37,$F$2:F37,F37,$L$2:L37,L37)=1,1,0)) -> 1 | P37: =IF(A37="",0,IF(AND(F37="C&T",COUNTIFS($A$2:A37,A37,$F$2:F37,"C&T")=1),1,0)) -> 0
A38: =IFERROR(IF(INDEX(SPOT_Import!$A$1:$Z$2488,38,'Live Data'!$C$12)="","",INDEX(SPOT_Import!$A$1:$Z$2488,38,'Live Data'!$C$12)),"") -> 12816 | B38: =IFERROR(IF(INDEX(SPOT_Import!$A$1:$Z$2488,38,'Live Data'!$C$13)="","",INDEX(SPOT_Import!$A$1:$Z$2488,38,'Live Data'!$C$13)),"") -> Tuuru Catholic Health Centre | C38: =IFERROR(IF(INDEX(SPOT_Import!$A$1:$Z$2488,38,'Live Data'!$C$14)="","",INDEX(SPOT_Import!$A$1:$Z$2488,38,'Live Data'!$C$14)),"") -> MERU | D38: =IFERROR(IF(INDEX(SPOT_Import!$A$1:$Z$2488,38,'Live Data'!$C$15)="","",INDEX(SPOT_Import!$A$1:$Z$2488,38,'Live Data'!$C$15)),"") -> Igembe Central | E38: =IFERROR(IF(INDEX(SPOT_Import!$A$1:$Z$2488,38,'Live Data'!$C$16)="","",INDEX(SPOT_Import!$A$1:$Z$2488,38,'Live Data'!$C$16)),"") -> USAID Jamii Tekelezi | F38: =IFERROR(IF(INDEX(SPOT_Import!$A$1:$Z$2488,38,'Live Data'!$C$17)="","",INDEX(SPOT_Import!$A$1:$Z$2488,38,'Live Data'!$C$17)),"") -> C&T | G38: =IFERROR(IF(INDEX(SPOT_Import!$A$1:$Z$2488,38,'Live Data'!$C$18)="","",INDEX(SPOT_Import!$A$1:$Z$2488,38,'Live Data'!$C$18)),"") -> 40 | H38: =IFERROR(IF(INDEX(SPOT_Import!$A$1:$Z$2488,38,'Live Data'!$C$19)="","",INDEX(SPOT_Import!$A$1:$Z$2488,38,'Live Data'!$C$19)),"") -> 40 | I38: =IFERROR(IF(INDEX(SPOT_Import!$A$1:$Z$2488,38,'Live Data'!$C$20)="","",INDEX(SPOT_Import!$A$1:$Z$2488,38,'Live Data'!$C$20)),"") -> Complete | J38: =IFERROR(IF(INDEX(SPOT_Import!$A$1:$Z$2488,38,'Live Data'!$C$21)="","",INDEX(SPOT_Import!$A$1:$Z$2488,38,'Live Data'!$C$21)),"") -> 2026-10-12T11:55:26.000Z | K38: =IFERROR(IF(INDEX(SPOT_Import!$A$1:$Z$2488,38,'Live Data'!$C$22)="","",INDEX(SPOT_Import!$A$1:$Z$2488,38,'Live Data'!$C$22)),"") -> 2026-10-12T11:55:26.000Z | L38: =IF(A38="","",IF(ISNUMBER(K38),TEXT(K38,"yyyy-mm"),LEFT(K38,7))) -> 2026-10 | M38: =IF(A38="","",UPPER(TRIM(SUBSTITUTE(C38," - ","-")))) -> MERU | N38: =IF(A38="","",IFERROR(INDEX('Cluster Map'!$A$4:$A$38,MATCH(M38,'Cluster Map'!$B$4:$B$38,0)),"Unmapped")) -> Cluster 1 | O38: =IF(A38="",0,IF(COUNTIFS($A$2:A38,A38,$F$2:F38,F38,$L$2:L38,L38)=1,1,0)) -> 1 | P38: =IF(A38="",0,IF(AND(F38="C&T",COUNTIFS($A$2:A38,A38,$F$2:F38,"C&T")=1),1,0)) -> 1
A39: =IFERROR(IF(INDEX(SPOT_Import!$A$1:$Z$2488,39,'Live Data'!$C$12)="","",INDEX(SPOT_Import!$A$1:$Z$2488,39,'Live Data'!$C$12)),"") -> 11984 | B39: =IFERROR(IF(INDEX(SPOT_Import!$A$1:$Z$2488,39,'Live Data'!$C$13)="","",INDEX(SPOT_Import!$A$1:$Z$2488,39,'Live Data'!$C$13)),"") -> Dallas Dispensary | C39: =IFERROR(IF(INDEX(SPOT_Import!$A$1:$Z$2488,39,'Live Data'!$C$14)="","",INDEX(SPOT_Import!$A$1:$Z$2488,39,'Live Data'!$C$14)),"") -> EMBU | D39: =IFERROR(IF(INDEX(SPOT_Import!$A$1:$Z$2488,39,'Live Data'!$C$15)="","",INDEX(SPOT_Import!$A$1:$Z$2488,39,'Live Data'!$C$15)),"") -> Manyatta | E39: =IFERROR(IF(INDEX(SPOT_Import!$A$1:$Z$2488,39,'Live Data'!$C$16)="","",INDEX(SPOT_Import!$A$1:$Z$2488,39,'Live Data'!$C$16)),"") -> USAID Jamii Tekelezi | F39: =IFERROR(IF(INDEX(SPOT_Import!$A$1:$Z$2488,39,'Live Data'!$C$17)="","",INDEX(SPOT_Import!$A$1:$Z$2488,39,'Live Data'!$C$17)),"") -> PREP | G39: =IFERROR(IF(INDEX(SPOT_Import!$A$1:$Z$2488,39,'Live Data'!$C$18)="","",INDEX(SPOT_Import!$A$1:$Z$2488,39,'Live Data'!$C$18)),"") -> 184 | H39: =IFERROR(IF(INDEX(SPOT_Import!$A$1:$Z$2488,39,'Live Data'!$C$19)="","",INDEX(SPOT_Import!$A$1:$Z$2488,39,'Live Data'!$C$19)),"") -> 184 | I39: =IFERROR(IF(INDEX(SPOT_Import!$A$1:$Z$2488,39,'Live Data'!$C$20)="","",INDEX(SPOT_Import!$A$1:$Z$2488,39,'Live Data'!$C$20)),"") -> Complete | J39: =IFERROR(IF(INDEX(SPOT_Import!$A$1:$Z$2488,39,'Live Data'!$C$21)="","",INDEX(SPOT_Import!$A$1:$Z$2488,39,'Live Data'!$C$21)),"") -> 2026-10-12T11:40:39.000Z | K39: =IFERROR(IF(INDEX(SPOT_Import!$A$1:$Z$2488,39,'Live Data'!$C$22)="","",INDEX(SPOT_Import!$A$1:$Z$2488,39,'Live Data'!$C$22)),"") -> 2026-10-12T11:40:39.000Z | L39: =IF(A39="","",IF(ISNUMBER(K39),TEXT(K39,"yyyy-mm"),LEFT(K39,7))) -> 2026-10 | M39: =IF(A39="","",UPPER(TRIM(SUBSTITUTE(C39," - ","-")))) -> EMBU | N39: =IF(A39="","",IFERROR(INDEX('Cluster Map'!$A$4:$A$38,MATCH(M39,'Cluster Map'!$B$4:$B$38,0)),"Unmapped")) -> Cluster 2 | O39: =IF(A39="",0,IF(COUNTIFS($A$2:A39,A39,$F$2:F39,F39,$L$2:L39,L39)=1,1,0)) -> 1 | P39: =IF(A39="",0,IF(AND(F39="C&T",COUNTIFS($A$2:A39,A39,$F$2:F39,"C&T")=1),1,0)) -> 0
A40: =IFERROR(IF(INDEX(SPOT_Import!$A$1:$Z$2488,40,'Live Data'!$C$12)="","",INDEX(SPOT_Import!$A$1:$Z$2488,40,'Live Data'!$C$12)),"") -> 11984 | B40: =IFERROR(IF(INDEX(SPOT_Import!$A$1:$Z$2488,40,'Live Data'!$C$13)="","",INDEX(SPOT_Import!$A$1:$Z$2488,40,'Live Data'!$C$13)),"") -> Dallas Dispensary | C40: =IFERROR(IF(INDEX(SPOT_Import!$A$1:$Z$2488,40,'Live Data'!$C$14)="","",INDEX(SPOT_Import!$A$1:$Z$2488,40,'Live Data'!$C$14)),"") -> EMBU | D40: =IFERROR(IF(INDEX(SPOT_Import!$A$1:$Z$2488,40,'Live Data'!$C$15)="","",INDEX(SPOT_Import!$A$1:$Z$2488,40,'Live Data'!$C$15)),"") -> Manyatta | E40: =IFERROR(IF(INDEX(SPOT_Import!$A$1:$Z$2488,40,'Live Data'!$C$16)="","",INDEX(SPOT_Import!$A$1:$Z$2488,40,'Live Data'!$C$16)),"") -> USAID Jamii Tekelezi | F40: =IFERROR(IF(INDEX(SPOT_Import!$A$1:$Z$2488,40,'Live Data'!$C$17)="","",INDEX(SPOT_Import!$A$1:$Z$2488,40,'Live Data'!$C$17)),"") -> MNCH | G40: =IFERROR(IF(INDEX(SPOT_Import!$A$1:$Z$2488,40,'Live Data'!$C$18)="","",INDEX(SPOT_Import!$A$1:$Z$2488,40,'Live Data'!$C$18)),"") -> 231 | H40: =IFERROR(IF(INDEX(SPOT_Import!$A$1:$Z$2488,40,'Live Data'!$C$19)="","",INDEX(SPOT_Import!$A$1:$Z$2488,40,'Live Data'!$C$19)),"") -> 231 | I40: =IFERROR(IF(INDEX(SPOT_Import!$A$1:$Z$2488,40,'Live Data'!$C$20)="","",INDEX(SPOT_Import!$A$1:$Z$2488,40,'Live Data'!$C$20)),"") -> Complete | J40: =IFERROR(IF(INDEX(SPOT_Import!$A$1:$Z$2488,40,'Live Data'!$C$21)="","",INDEX(SPOT_Import!$A$1:$Z$2488,40,'Live Data'!$C$21)),"") -> 2026-10-12T11:40:31.000Z | K40: =IFERROR(IF(INDEX(SPOT_Import!$A$1:$Z$2488,40,'Live Data'!$C$22)="","",INDEX(SPOT_Import!$A$1:$Z$2488,40,'Live Data'!$C$22)),"") -> 2026-10-12T11:40:31.000Z | L40: =IF(A40="","",IF(ISNUMBER(K40),TEXT(K40,"yyyy-mm"),LEFT(K40,7))) -> 2026-10 | M40: =IF(A40="","",UPPER(TRIM(SUBSTITUTE(C40," - ","-")))) -> EMBU | N40: =IF(A40="","",IFERROR(INDEX('Cluster Map'!$A$4:$A$38,MATCH(M40,'Cluster Map'!$B$4:$B$38,0)),"Unmapped")) -> Cluster 2 | O40: =IF(A40="",0,IF(COUNTIFS($A$2:A40,A40,$F$2:F40,F40,$L$2:L40,L40)=1,1,0)) -> 1 | P40: =IF(A40="",0,IF(AND(F40="C&T",COUNTIFS($A$2:A40,A40,$F$2:F40,"C&T")=1),1,0)) -> 0
A41: =IFERROR(IF(INDEX(SPOT_Import!$A$1:$Z$2488,41,'Live Data'!$C$12)="","",INDEX(SPOT_Import!$A$1:$Z$2488,41,'Live Data'!$C$12)),"") -> 11984 | B41: =IFERROR(IF(INDEX(SPOT_Import!$A$1:$Z$2488,41,'Live Data'!$C$13)="","",INDEX(SPOT_Import!$A$1:$Z$2488,41,'Live Data'!$C$13)),"") -> Dallas Dispensary | C41: =IFERROR(IF(INDEX(SPOT_Import!$A$1:$Z$2488,41,'Live Data'!$C$14)="","",INDEX(SPOT_Import!$A$1:$Z$2488,41,'Live Data'!$C$14)),"") -> EMBU | D41: =IFERROR(IF(INDEX(SPOT_Import!$A$1:$Z$2488,41,'Live Data'!$C$15)="","",INDEX(SPOT_Import!$A$1:$Z$2488,41,'Live Data'!$C$15)),"") -> Manyatta | E41: =IFERROR(IF(INDEX(SPOT_Import!$A$1:$Z$2488,41,'Live Data'!$C$16)="","",INDEX(SPOT_Import!$A$1:$Z$2488,41,'Live Data'!$C$16)),"") -> USAID Jamii Tekelezi | F41: =IFERROR(IF(INDEX(SPOT_Import!$A$1:$Z$2488,41,'Live Data'!$C$17)="","",INDEX(SPOT_Import!$A$1:$Z$2488,41,'Live Data'!$C$17)),"") -> HTS | G41: =IFERROR(IF(INDEX(SPOT_Import!$A$1:$Z$2488,41,'Live Data'!$C$18)="","",INDEX(SPOT_Import!$A$1:$Z$2488,41,'Live Data'!$C$18)),"") -> 3054 | H41: =IFERROR(IF(INDEX(SPOT_Import!$A$1:$Z$2488,41,'Live Data'!$C$19)="","",INDEX(SPOT_Import!$A$1:$Z$2488,41,'Live Data'!$C$19)),"") -> 3054 | I41: =IFERROR(IF(INDEX(SPOT_Import!$A$1:$Z$2488,41,'Live Data'!$C$20)="","",INDEX(SPOT_Import!$A$1:$Z$2488,41,'Live Data'!$C$20)),"") -> Complete | J41: =IFERROR(IF(INDEX(SPOT_Import!$A$1:$Z$2488,41,'Live Data'!$C$21)="","",INDEX(SPOT_Import!$A$1:$Z$2488,41,'Live Data'!$C$21)),"") -> 2026-10-12T11:40:22.000Z | K41: =IFERROR(IF(INDEX(SPOT_Import!$A$1:$Z$2488,41,'Live Data'!$C$22)="","",INDEX(SPOT_Import!$A$1:$Z$2488,41,'Live Data'!$C$22)),"") -> 2026-10-12T11:40:22.000Z | L41: =IF(A41="","",IF(ISNUMBER(K41),TEXT(K41,"yyyy-mm"),LEFT(K41,7))) -> 2026-10 | M41: =IF(A41="","",UPPER(TRIM(SUBSTITUTE(C41," - ","-")))) -> EMBU | N41: =IF(A41="","",IFERROR(INDEX('Cluster Map'!$A$4:$A$38,MATCH(M41,'Cluster Map'!$B$4:$B$38,0)),"Unmapped")) -> Cluster 2 | O41: =IF(A41="",0,IF(COUNTIFS($A$2:A41,A41,$F$2:F41,F41,$L$2:L41,L41)=1,1,0)) -> 1 | P41: =IF(A41="",0,IF(AND(F41="C&T",COUNTIFS($A$2:A41,A41,$F$2:F41,"C&T")=1),1,0)) -> 0
A42: =IFERROR(IF(INDEX(SPOT_Import!$A$1:$Z$2488,42,'Live Data'!$C$12)="","",INDEX(SPOT_Import!$A$1:$Z$2488,42,'Live Data'!$C$12)),"") -> 11984 | B42: =IFERROR(IF(INDEX(SPOT_Import!$A$1:$Z$2488,42,'Live Data'!$C$13)="","",INDEX(SPOT_Import!$A$1:$Z$2488,42,'Live Data'!$C$13)),"") -> Dallas Dispensary | C42: =IFERROR(IF(INDEX(SPOT_Import!$A$1:$Z$2488,42,'Live Data'!$C$14)="","",INDEX(SPOT_Import!$A$1:$Z$2488,42,'Live Data'!$C$14)),"") -> EMBU | D42: =IFERROR(IF(INDEX(SPOT_Import!$A$1:$Z$2488,42,'Live Data'!$C$15)="","",INDEX(SPOT_Import!$A$1:$Z$2488,42,'Live Data'!$C$15)),"") -> Manyatta | E42: =IFERROR(IF(INDEX(SPOT_Import!$A$1:$Z$2488,42,'Live Data'!$C$16)="","",INDEX(SPOT_Import!$A$1:$Z$2488,42,'Live Data'!$C$16)),"") -> USAID Jamii Tekelezi | F42: =IFERROR(IF(INDEX(SPOT_Import!$A$1:$Z$2488,42,'Live Data'!$C$17)="","",INDEX(SPOT_Import!$A$1:$Z$2488,42,'Live Data'!$C$17)),"") -> C&T | G42: =IFERROR(IF(INDEX(SPOT_Import!$A$1:$Z$2488,42,'Live Data'!$C$18)="","",INDEX(SPOT_Import!$A$1:$Z$2488,42,'Live Data'!$C$18)),"") -> 704 | H42: =IFERROR(IF(INDEX(SPOT_Import!$A$1:$Z$2488,42,'Live Data'!$C$19)="","",INDEX(SPOT_Import!$A$1:$Z$2488,42,'Live Data'!$C$19)),"") -> 704 | I42: =IFERROR(IF(INDEX(SPOT_Import!$A$1:$Z$2488,42,'Live Data'!$C$20)="","",INDEX(SPOT_Import!$A$1:$Z$2488,42,'Live Data'!$C$20)),"") -> Complete | J42: =IFERROR(IF(INDEX(SPOT_Import!$A$1:$Z$2488,42,'Live Data'!$C$21)="","",INDEX(SPOT_Import!$A$1:$Z$2488,42,'Live Data'!$C$21)),"") -> 2026-10-12T11:29:46.000Z | K42: =IFERROR(IF(INDEX(SPOT_Import!$A$1:$Z$2488,42,'Live Data'!$C$22)="","",INDEX(SPOT_Import!$A$1:$Z$2488,42,'Live Data'!$C$22)),"") -> 2026-10-12T11:29:46.000Z | L42: =IF(A42="","",IF(ISNUMBER(K42),TEXT(K42,"yyyy-mm"),LEFT(K42,7))) -> 2026-10 | M42: =IF(A42="","",UPPER(TRIM(SUBSTITUTE(C42," - ","-")))) -> EMBU | N42: =IF(A42="","",IFERROR(INDEX('Cluster Map'!$A$4:$A$38,MATCH(M42,'Cluster Map'!$B$4:$B$38,0)),"Unmapped")) -> Cluster 2 | O42: =IF(A42="",0,IF(COUNTIFS($A$2:A42,A42,$F$2:F42,F42,$L$2:L42,L42)=1,1,0)) -> 1 | P42: =IF(A42="",0,IF(AND(F42="C&T",COUNTIFS($A$2:A42,A42,$F$2:F42,"C&T")=1),1,0)) -> 1
A43: =IFERROR(IF(INDEX(SPOT_Import!$A$1:$Z$2488,43,'Live Data'!$C$12)="","",INDEX(SPOT_Import!$A$1:$Z$2488,43,'Live Data'!$C$12)),"") -> 12195 | B43: =IFERROR(IF(INDEX(SPOT_Import!$A$1:$Z$2488,43,'Live Data'!$C$13)="","",INDEX(SPOT_Import!$A$1:$Z$2488,43,'Live Data'!$C$13)),"") -> Karama Health Centre | C43: =IFERROR(IF(INDEX(SPOT_Import!$A$1:$Z$2488,43,'Live Data'!$C$14)="","",INDEX(SPOT_Import!$A$1:$Z$2488,43,'Live Data'!$C$14)),"") -> MERU | D43: =IFERROR(IF(INDEX(SPOT_Import!$A$1:$Z$2488,43,'Live Data'!$C$15)="","",INDEX(SPOT_Import!$A$1:$Z$2488,43,'Live Data'!$C$15)),"") -> Tigania East | E43: =IFERROR(IF(INDEX(SPOT_Import!$A$1:$Z$2488,43,'Live Data'!$C$16)="","",INDEX(SPOT_Import!$A$1:$Z$2488,43,'Live Data'!$C$16)),"") -> USAID Jamii Tekelezi | F43: =IFERROR(IF(INDEX(SPOT_Import!$A$1:$Z$2488,43,'Live Data'!$C$17)="","",INDEX(SPOT_Import!$A$1:$Z$2488,43,'Live Data'!$C$17)),"") -> MNCH | G43: =IFERROR(IF(INDEX(SPOT_Import!$A$1:$Z$2488,43,'Live Data'!$C$18)="","",INDEX(SPOT_Import!$A$1:$Z$2488,43,'Live Data'!$C$18)),"") -> 3 | H43: =IFERROR(IF(INDEX(SPOT_Import!$A$1:$Z$2488,43,'Live Data'!$C$19)="","",INDEX(SPOT_Import!$A$1:$Z$2488,43,'Live Data'!$C$19)),"") | I43: =IFERROR(IF(INDEX(SPOT_Import!$A$1:$Z$2488,43,'Live Data'!$C$20)="","",INDEX(SPOT_Import!$A$1:$Z$2488,43,'Live Data'!$C$20)),"") -> Incomplete | J43: =IFERROR(IF(INDEX(SPOT_Import!$A$1:$Z$2488,43,'Live Data'!$C$21)="","",INDEX(SPOT_Import!$A$1:$Z$2488,43,'Live Data'!$C$21)),"") -> 2026-10-12T11:24:47.000Z | K43: =IFERROR(IF(INDEX(SPOT_Import!$A$1:$Z$2488,43,'Live Data'!$C$22)="","",INDEX(SPOT_Import!$A$1:$Z$2488,43,'Live Data'!$C$22)),"") -> 2026-10-12T11:24:47.000Z | L43: =IF(A43="","",IF(ISNUMBER(K43),TEXT(K43,"yyyy-mm"),LEFT(K43,7))) -> 2026-10 | M43: =IF(A43="","",UPPER(TRIM(SUBSTITUTE(C43," - ","-")))) -> MERU | N43: =IF(A43="","",IFERROR(INDEX('Cluster Map'!$A$4:$A$38,MATCH(M43,'Cluster Map'!$B$4:$B$38,0)),"Unmapped")) -> Cluster 1 | O43: =IF(A43="",0,IF(COUNTIFS($A$2:A43,A43,$F$2:F43,F43,$L$2:L43,L43)=1,1,0)) -> 1 | P43: =IF(A43="",0,IF(AND(F43="C&T",COUNTIFS($A$2:A43,A43,$F$2:F43,"C&T")=1),1,0)) -> 0
A44: =IFERROR(IF(INDEX(SPOT_Import!$A$1:$Z$2488,44,'Live Data'!$C$12)="","",INDEX(SPOT_Import!$A$1:$Z$2488,44,'Live Data'!$C$12)),"") -> 12195 | B44: =IFERROR(IF(INDEX(SPOT_Import!$A$1:$Z$2488,44,'Live Data'!$C$13)="","",INDEX(SPOT_Import!$A$1:$Z$2488,44,'Live Data'!$C$13)),"") -> Karama Dispensary | C44: =IFERROR(IF(INDEX(SPOT_Import!$A$1:$Z$2488,44,'Live Data'!$C$14)="","",INDEX(SPOT_Import!$A$1:$Z$2488,44,'Live Data'!$C$14)),"") -> MERU | D44: =IFERROR(IF(INDEX(SPOT_Import!$A$1:$Z$2488,44,'Live Data'!$C$15)="","",INDEX(SPOT_Import!$A$1:$Z$2488,44,'Live Data'!$C$15)),"") -> Tigania East | E44: =IFERROR(IF(INDEX(SPOT_Import!$A$1:$Z$2488,44,'Live Data'!$C$16)="","",INDEX(SPOT_Import!$A$1:$Z$2488,44,'Live Data'!$C$16)),"") -> USAID Jamii Tekelezi | F44: =IFERROR(IF(INDEX(SPOT_Import!$A$1:$Z$2488,44,'Live Data'!$C$17)="","",INDEX(SPOT_Import!$A$1:$Z$2488,44,'Live Data'!$C$17)),"") -> C&T | G44: =IFERROR(IF(INDEX(SPOT_Import!$A$1:$Z$2488,44,'Live Data'!$C$18)="","",INDEX(SPOT_Import!$A$1:$Z$2488,44,'Live Data'!$C$18)),"") -> 29 | H44: =IFERROR(IF(INDEX(SPOT_Import!$A$1:$Z$2488,44,'Live Data'!$C$19)="","",INDEX(SPOT_Import!$A$1:$Z$2488,44,'Live Data'!$C$19)),"") -> 29 | I44: =IFERROR(IF(INDEX(SPOT_Import!$A$1:$Z$2488,44,'Live Data'!$C$20)="","",INDEX(SPOT_Import!$A$1:$Z$2488,44,'Live Data'!$C$20)),"") -> Complete | J44: =IFERROR(IF(INDEX(SPOT_Import!$A$1:$Z$2488,44,'Live Data'!$C$21)="","",INDEX(SPOT_Import!$A$1:$Z$2488,44,'Live Data'!$C$21)),"") -> 2026-10-12T11:06:59.000Z | K44: =IFERROR(IF(INDEX(SPOT_Import!$A$1:$Z$2488,44,'Live Data'!$C$22)="","",INDEX(SPOT_Import!$A$1:$Z$2488,44,'Live Data'!$C$22)),"") -> 2026-10-12T11:06:59.000Z | L44: =IF(A44="","",IF(ISNUMBER(K44),TEXT(K44,"yyyy-mm"),LEFT(K44,7))) -> 2026-10 | M44: =IF(A44="","",UPPER(TRIM(SUBSTITUTE(C44," - ","-")))) -> MERU | N44: =IF(A44="","",IFERROR(INDEX('Cluster Map'!$A$4:$A$38,MATCH(M44,'Cluster Map'!$B$4:$B$38,0)),"Unmapped")) -> Cluster 1 | O44: =IF(A44="",0,IF(COUNTIFS($A$2:A44,A44,$F$2:F44,F44,$L$2:L44,L44)=1,1,0)) -> 1 | P44: =IF(A44="",0,IF(AND(F44="C&T",COUNTIFS($A$2:A44,A44,$F$2:F44,"C&T")=1),1,0)) -> 1
A45: =IFERROR(IF(INDEX(SPOT_Import!$A$1:$Z$2488,45,'Live Data'!$C$12)="","",INDEX(SPOT_Import!$A$1:$Z$2488,45,'Live Data'!$C$12)),"") -> 12799 | B45: =IFERROR(IF(INDEX(SPOT_Import!$A$1:$Z$2488,45,'Live Data'!$C$13)="","",INDEX(SPOT_Import!$A$1:$Z$2488,45,'Live Data'!$C$13)),"") -> St John of God Hospital Tigania | C45: =IFERROR(IF(INDEX(SPOT_Import!$A$1:$Z$2488,45,'Live Data'!$C$14)="","",INDEX(SPOT_Import!$A$1:$Z$2488,45,'Live Data'!$C$14)),"") -> MERU | D45: =IFERROR(IF(INDEX(SPOT_Import!$A$1:$Z$2488,45,'Live Data'!$C$15)="","",INDEX(SPOT_Import!$A$1:$Z$2488,45,'Live Data'!$C$15)),"") -> Tigania East | E45: =IFERROR(IF(INDEX(SPOT_Import!$A$1:$Z$2488,45,'Live Data'!$C$16)="","",INDEX(SPOT_Import!$A$1:$Z$2488,45,'Live Data'!$C$16)),"") -> USAID Jamii Tekelezi | F45: =IFERROR(IF(INDEX(SPOT_Import!$A$1:$Z$2488,45,'Live Data'!$C$17)="","",INDEX(SPOT_Import!$A$1:$Z$2488,45,'Live Data'!$C$17)),"") -> PREP | G45: =IFERROR(IF(INDEX(SPOT_Import!$A$1:$Z$2488,45,'Live Data'!$C$18)="","",INDEX(SPOT_Import!$A$1:$Z$2488,45,'Live Data'!$C$18)),"") -> 88 | H45: =IFERROR(IF(INDEX(SPOT_Import!$A$1:$Z$2488,45,'Live Data'!$C$19)="","",INDEX(SPOT_Import!$A$1:$Z$2488,45,'Live Data'!$C$19)),"") | I45: =IFERROR(IF(INDEX(SPOT_Import!$A$1:$Z$2488,45,'Live Data'!$C$20)="","",INDEX(SPOT_Import!$A$1:$Z$2488,45,'Live Data'!$C$20)),"") -> Incomplete | J45: =IFERROR(IF(INDEX(SPOT_Import!$A$1:$Z$2488,45,'Live Data'!$C$21)="","",INDEX(SPOT_Import!$A$1:$Z$2488,45,'Live Data'!$C$21)),"") -> 2026-10-12T10:04:37.000Z | K45: =IFERROR(IF(INDEX(SPOT_Import!$A$1:$Z$2488,45,'Live Data'!$C$22)="","",INDEX(SPOT_Import!$A$1:$Z$2488,45,'Live Data'!$C$22)),"") -> 2026-10-12T10:04:37.000Z | L45: =IF(A45="","",IF(ISNUMBER(K45),TEXT(K45,"yyyy-mm"),LEFT(K45,7))) -> 2026-10 | M45: =IF(A45="","",UPPER(TRIM(SUBSTITUTE(C45," - ","-")))) -> MERU | N45: =IF(A45="","",IFERROR(INDEX('Cluster Map'!$A$4:$A$38,MATCH(M45,'Cluster Map'!$B$4:$B$38,0)),"Unmapped")) -> Cluster 1 | O45: =IF(A45="",0,IF(COUNTIFS($A$2:A45,A45,$F$2:F45,F45,$L$2:L45,L45)=1,1,0)) -> 1 | P45: =IF(A45="",0,IF(AND(F45="C&T",COUNTIFS($A$2:A45,A45,$F$2:F45,"C&T")=1),1,0)) -> 0
A46: =IFERROR(IF(INDEX(SPOT_Import!$A$1:$Z$2488,46,'Live Data'!$C$12)="","",INDEX(SPOT_Import!$A$1:$Z$2488,46,'Live Data'!$C$12)),"") -> 12799 | B46: =IFERROR(IF(INDEX(SPOT_Import!$A$1:$Z$2488,46,'Live Data'!$C$13)="","",INDEX(SPOT_Import!$A$1:$Z$2488,46,'Live Data'!$C$13)),"") -> St John of God Hospital Tigania | C46: =IFERROR(IF(INDEX(SPOT_Import!$A$1:$Z$2488,46,'Live Data'!$C$14)="","",INDEX(SPOT_Import!$A$1:$Z$2488,46,'Live Data'!$C$14)),"") -> MERU | D46: =IFERROR(IF(INDEX(SPOT_Import!$A$1:$Z$2488,46,'Live Data'!$C$15)="","",INDEX(SPOT_Import!$A$1:$Z$2488,46,'Live Data'!$C$15)),"") -> Tigania East | E46: =IFERROR(IF(INDEX(SPOT_Import!$A$1:$Z$2488,46,'Live Data'!$C$16)="","",INDEX(SPOT_Import!$A$1:$Z$2488,46,'Live Data'!$C$16)),"") -> USAID Jamii Tekelezi | F46: =IFERROR(IF(INDEX(SPOT_Import!$A$1:$Z$2488,46,'Live Data'!$C$17)="","",INDEX(SPOT_Import!$A$1:$Z$2488,46,'Live Data'!$C$17)),"") -> MNCH | G46: =IFERROR(IF(INDEX(SPOT_Import!$A$1:$Z$2488,46,'Live Data'!$C$18)="","",INDEX(SPOT_Import!$A$1:$Z$2488,46,'Live Data'!$C$18)),"") -> 184 | H46: =IFERROR(IF(INDEX(SPOT_Import!$A$1:$Z$2488,46,'Live Data'!$C$19)="","",INDEX(SPOT_Import!$A$1:$Z$2488,46,'Live Data'!$C$19)),"") -> 184 | I46: =IFERROR(IF(INDEX(SPOT_Import!$A$1:$Z$2488,46,'Live Data'!$C$20)="","",INDEX(SPOT_Import!$A$1:$Z$2488,46,'Live Data'!$C$20)),"") -> Complete | J46: =IFERROR(IF(INDEX(SPOT_Import!$A$1:$Z$2488,46,'Live Data'!$C$21)="","",INDEX(SPOT_Import!$A$1:$Z$2488,46,'Live Data'!$C$21)),"") -> 2026-10-12T10:04:08.000Z | K46: =IFERROR(IF(INDEX(SPOT_Import!$A$1:$Z$2488,46,'Live Data'!$C$22)="","",INDEX(SPOT_Import!$A$1:$Z$2488,46,'Live Data'!$C$22)),"") -> 2026-10-12T10:04:08.000Z | L46: =IF(A46="","",IF(ISNUMBER(K46),TEXT(K46,"yyyy-mm"),LEFT(K46,7))) -> 2026-10 | M46: =IF(A46="","",UPPER(TRIM(SUBSTITUTE(C46," - ","-")))) -> MERU | N46: =IF(A46="","",IFERROR(INDEX('Cluster Map'!$A$4:$A$38,MATCH(M46,'Cluster Map'!$B$4:$B$38,0)),"Unmapped")) -> Cluster 1 | O46: =IF(A46="",0,IF(COUNTIFS($A$2:A46,A46,$F$2:F46,F46,$L$2:L46,L46)=1,1,0)) -> 1 | P46: =IF(A46="",0,IF(AND(F46="C&T",COUNTIFS($A$2:A46,A46,$F$2:F46,"C&T")=1),1,0)) -> 0
A47: =IFERROR(IF(INDEX(SPOT_Import!$A$1:$Z$2488,47,'Live Data'!$C$12)="","",INDEX(SPOT_Import!$A$1:$Z$2488,47,'Live Data'!$C$12)),"") -> 12799 | B47: =IFERROR(IF(INDEX(SPOT_Import!$A$1:$Z$2488,47,'Live Data'!$C$13)="","",INDEX(SPOT_Import!$A$1:$Z$2488,47,'Live Data'!$C$13)),"") -> St John of God Hospital Tigania | C47: =IFERROR(IF(INDEX(SPOT_Import!$A$1:$Z$2488,47,'Live Data'!$C$14)="","",INDEX(SPOT_Import!$A$1:$Z$2488,47,'Live Data'!$C$14)),"") -> MERU | D47: =IFERROR(IF(INDEX(SPOT_Import!$A$1:$Z$2488,47,'Live Data'!$C$15)="","",INDEX(SPOT_Import!$A$1:$Z$2488,47,'Live Data'!$C$15)),"") -> Tigania East | E47: =IFERROR(IF(INDEX(SPOT_Import!$A$1:$Z$2488,47,'Live Data'!$C$16)="","",INDEX(SPOT_Import!$A$1:$Z$2488,47,'Live Data'!$C$16)),"") -> USAID Jamii Tekelezi | F47: =IFERROR(IF(INDEX(SPOT_Import!$A$1:$Z$2488,47,'Live Data'!$C$17)="","",INDEX(SPOT_Import!$A$1:$Z$2488,47,'Live Data'!$C$17)),"") -> HTS | G47: =IFERROR(IF(INDEX(SPOT_Import!$A$1:$Z$2488,47,'Live Data'!$C$18)="","",INDEX(SPOT_Import!$A$1:$Z$2488,47,'Live Data'!$C$18)),"") -> 1241 | H47: =IFERROR(IF(INDEX(SPOT_Import!$A$1:$Z$2488,47,'Live Data'!$C$19)="","",INDEX(SPOT_Import!$A$1:$Z$2488,47,'Live Data'!$C$19)),"") -> 1000 | I47: =IFERROR(IF(INDEX(SPOT_Import!$A$1:$Z$2488,47,'Live Data'!$C$20)="","",INDEX(SPOT_Import!$A$1:$Z$2488,47,'Live Data'!$C$20)),"") -> Incomplete | J47: =IFERROR(IF(INDEX(SPOT_Import!$A$1:$Z$2488,47,'Live Data'!$C$21)="","",INDEX(SPOT_Import!$A$1:$Z$2488,47,'Live Data'!$C$21)),"") -> 2026-10-12T10:02:20.000Z | K47: =IFERROR(IF(INDEX(SPOT_Import!$A$1:$Z$2488,47,'Live Data'!$C$22)="","",INDEX(SPOT_Import!$A$1:$Z$2488,47,'Live Data'!$C$22)),"") -> 2026-10-12T10:02:20.000Z | L47: =IF(A47="","",IF(ISNUMBER(K47),TEXT(K47,"yyyy-mm"),LEFT(K47,7))) -> 2026-10 | M47: =IF(A47="","",UPPER(TRIM(SUBSTITUTE(C47," - ","-")))) -> MERU | N47: =IF(A47="","",IFERROR(INDEX('Cluster Map'!$A$4:$A$38,MATCH(M47,'Cluster Map'!$B$4:$B$38,0)),"Unmapped")) -> Cluster 1 | O47: =IF(A47="",0,IF(COUNTIFS($A$2:A47,A47,$F$2:F47,F47,$L$2:L47,L47)=1,1,0)) -> 1 | P47: =IF(A47="",0,IF(AND(F47="C&T",COUNTIFS($A$2:A47,A47,$F$2:F47,"C&T")=1),1,0)) -> 0
A48: =IFERROR(IF(INDEX(SPOT_Import!$A$1:$Z$2488,48,'Live Data'!$C$12)="","",INDEX(SPOT_Import!$A$1:$Z$2488,48,'Live Data'!$C$12)),"") -> 12799 | B48: =IFERROR(IF(INDEX(SPOT_Import!$A$1:$Z$2488,48,'Live Data'!$C$13)="","",INDEX(SPOT_Import!$A$1:$Z$2488,48,'Live Data'!$C$13)),"") -> St. John of God Hospital Tigania | C48: =IFERROR(IF(INDEX(SPOT_Import!$A$1:$Z$2488,48,'Live Data'!$C$14)="","",INDEX(SPOT_Import!$A$1:$Z$2488,48,'Live Data'!$C$14)),"") -> MERU | D48: =IFERROR(IF(INDEX(SPOT_Import!$A$1:$Z$2488,48,'Live Data'!$C$15)="","",INDEX(SPOT_Import!$A$1:$Z$2488,48,'Live Data'!$C$15)),"") -> Tigania East | E48: =IFERROR(IF(INDEX(SPOT_Import!$A$1:$Z$2488,48,'Live Data'!$C$16)="","",INDEX(SPOT_Import!$A$1:$Z$2488,48,'Live Data'!$C$16)),"") -> USAID Jamii Tekelezi | F48: =IFERROR(IF(INDEX(SPOT_Import!$A$1:$Z$2488,48,'Live Data'!$C$17)="","",INDEX(SPOT_Import!$A$1:$Z$2488,48,'Live Data'!$C$17)),"") -> C&T | G48: =IFERROR(IF(INDEX(SPOT_Import!$A$1:$Z$2488,48,'Live Data'!$C$18)="","",INDEX(SPOT_Import!$A$1:$Z$2488,48,'Live Data'!$C$18)),"") -> 650 | H48: =IFERROR(IF(INDEX(SPOT_Import!$A$1:$Z$2488,48,'Live Data'!$C$19)="","",INDEX(SPOT_Import!$A$1:$Z$2488,48,'Live Data'!$C$19)),"") -> 650 | I48: =IFERROR(IF(INDEX(SPOT_Import!$A$1:$Z$2488,48,'Live Data'!$C$20)="","",INDEX(SPOT_Import!$A$1:$Z$2488,48,'Live Data'!$C$20)),"") -> Complete | J48: =IFERROR(IF(INDEX(SPOT_Import!$A$1:$Z$2488,48,'Live Data'!$C$21)="","",INDEX(SPOT_Import!$A$1:$Z$2488,48,'Live Data'!$C$21)),"") -> 2026-10-12T09:46:47.000Z | K48: =IFERROR(IF(INDEX(SPOT_Import!$A$1:$Z$2488,48,'Live Data'!$C$22)="","",INDEX(SPOT_Import!$A$1:$Z$2488,48,'Live Data'!$C$22)),"") -> 2026-10-12T09:46:47.000Z | L48: =IF(A48="","",IF(ISNUMBER(K48),TEXT(K48,"yyyy-mm"),LEFT(K48,7))) -> 2026-10 | M48: =IF(A48="","",UPPER(TRIM(SUBSTITUTE(C48," - ","-")))) -> MERU | N48: =IF(A48="","",IFERROR(INDEX('Cluster Map'!$A$4:$A$38,MATCH(M48,'Cluster Map'!$B$4:$B$38,0)),"Unmapped")) -> Cluster 1 | O48: =IF(A48="",0,IF(COUNTIFS($A$2:A48,A48,$F$2:F48,F48,$L$2:L48,L48)=1,1,0)) -> 1 | P48: =IF(A48="",0,IF(AND(F48="C&T",COUNTIFS($A$2:A48,A48,$F$2:F48,"C&T")=1),1,0)) -> 1
A49: =IFERROR(IF(INDEX(SPOT_Import!$A$1:$Z$2488,49,'Live Data'!$C$12)="","",INDEX(SPOT_Import!$A$1:$Z$2488,49,'Live Data'!$C$12)),"") -> 12831 | B49: =IFERROR(IF(INDEX(SPOT_Import!$A$1:$Z$2488,49,'Live Data'!$C$13)="","",INDEX(SPOT_Import!$A$1:$Z$2488,49,'Live Data'!$C$13)),"") -> Uruku Health Centre | C49: =IFERROR(IF(INDEX(SPOT_Import!$A$1:$Z$2488,49,'Live Data'!$C$14)="","",INDEX(SPOT_Import!$A$1:$Z$2488,49,'Live Data'!$C$14)),"") -> MERU | D49: =IFERROR(IF(INDEX(SPOT_Import!$A$1:$Z$2488,49,'Live Data'!$C$15)="","",INDEX(SPOT_Import!$A$1:$Z$2488,49,'Live Data'!$C$15)),"") -> Imenti South | E49: =IFERROR(IF(INDEX(SPOT_Import!$A$1:$Z$2488,49,'Live Data'!$C$16)="","",INDEX(SPOT_Import!$A$1:$Z$2488,49,'Live Data'!$C$16)),"") -> USAID Jamii Tekelezi | F49: =IFERROR(IF(INDEX(SPOT_Import!$A$1:$Z$2488,49,'Live Data'!$C$17)="","",INDEX(SPOT_Import!$A$1:$Z$2488,49,'Live Data'!$C$17)),"") -> MNCH | G49: =IFERROR(IF(INDEX(SPOT_Import!$A$1:$Z$2488,49,'Live Data'!$C$18)="","",INDEX(SPOT_Import!$A$1:$Z$2488,49,'Live Data'!$C$18)),"") -> 2 | H49: =IFERROR(IF(INDEX(SPOT_Import!$A$1:$Z$2488,49,'Live Data'!$C$19)="","",INDEX(SPOT_Import!$A$1:$Z$2488,49,'Live Data'!$C$19)),"") | I49: =IFERROR(IF(INDEX(SPOT_Import!$A$1:$Z$2488,49,'Live Data'!$C$20)="","",INDEX(SPOT_Import!$A$1:$Z$2488,49,'Live Data'!$C$20)),"") -> Incomplete | J49: =IFERROR(IF(INDEX(SPOT_Import!$A$1:$Z$2488,49,'Live Data'!$C$21)="","",INDEX(SPOT_Import!$A$1:$Z$2488,49,'Live Data'!$C$21)),"") -> 2026-10-12T09:25:25.000Z | K49: =IFERROR(IF(INDEX(SPOT_Import!$A$1:$Z$2488,49,'Live Data'!$C$22)="","",INDEX(SPOT_Import!$A$1:$Z$2488,49,'Live Data'!$C$22)),"") -> 2026-10-12T09:25:25.000Z | L49: =IF(A49="","",IF(ISNUMBER(K49),TEXT(K49,"yyyy-mm"),LEFT(K49,7))) -> 2026-10 | M49: =IF(A49="","",UPPER(TRIM(SUBSTITUTE(C49," - ","-")))) -> MERU | N49: =IF(A49="","",IFERROR(INDEX('Cluster Map'!$A$4:$A$38,MATCH(M49,'Cluster Map'!$B$4:$B$38,0)),"Unmapped")) -> Cluster 1 | O49: =IF(A49="",0,IF(COUNTIFS($A$2:A49,A49,$F$2:F49,F49,$L$2:L49,L49)=1,1,0)) -> 1 | P49: =IF(A49="",0,IF(AND(F49="C&T",COUNTIFS($A$2:A49,A49,$F$2:F49,"C&T")=1),1,0)) -> 0
A50: =IFERROR(IF(INDEX(SPOT_Import!$A$1:$Z$2488,50,'Live Data'!$C$12)="","",INDEX(SPOT_Import!$A$1:$Z$2488,50,'Live Data'!$C$12)),"") -> 12831 | B50: =IFERROR(IF(INDEX(SPOT_Import!$A$1:$Z$2488,50,'Live Data'!$C$13)="","",INDEX(SPOT_Import!$A$1:$Z$2488,50,'Live Data'!$C$13)),"") -> Uruku Health Centre | C50: =IFERROR(IF(INDEX(SPOT_Import!$A$1:$Z$2488,50,'Live Data'!$C$14)="","",INDEX(SPOT_Import!$A$1:$Z$2488,50,'Live Data'!$C$14)),"") -> MERU | D50: =IFERROR(IF(INDEX(SPOT_Import!$A$1:$Z$2488,50,'Live Data'!$C$15)="","",INDEX(SPOT_Import!$A$1:$Z$2488,50,'Live Data'!$C$15)),"") -> Imenti South | E50: =IFERROR(IF(INDEX(SPOT_Import!$A$1:$Z$2488,50,'Live Data'!$C$16)="","",INDEX(SPOT_Import!$A$1:$Z$2488,50,'Live Data'!$C$16)),"") -> USAID Jamii Tekelezi | F50: =IFERROR(IF(INDEX(SPOT_Import!$A$1:$Z$2488,50,'Live Data'!$C$17)="","",INDEX(SPOT_Import!$A$1:$Z$2488,50,'Live Data'!$C$17)),"") -> C&T | G50: =IFERROR(IF(INDEX(SPOT_Import!$A$1:$Z$2488,50,'Live Data'!$C$18)="","",INDEX(SPOT_Import!$A$1:$Z$2488,50,'Live Data'!$C$18)),"") -> 42 | H50: =IFERROR(IF(INDEX(SPOT_Import!$A$1:$Z$2488,50,'Live Data'!$C$19)="","",INDEX(SPOT_Import!$A$1:$Z$2488,50,'Live Data'!$C$19)),"") -> 42 | I50: =IFERROR(IF(INDEX(SPOT_Import!$A$1:$Z$2488,50,'Live Data'!$C$20)="","",INDEX(SPOT_Import!$A$1:$Z$2488,50,'Live Data'!$C$20)),"") -> Complete | J50: =IFERROR(IF(INDEX(SPOT_Import!$A$1:$Z$2488,50,'Live Data'!$C$21)="","",INDEX(SPOT_Import!$A$1:$Z$2488,50,'Live Data'!$C$21)),"") -> 2026-10-12T09:05:35.000Z | K50: =IFERROR(IF(INDEX(SPOT_Import!$A$1:$Z$2488,50,'Live Data'!$C$22)="","",INDEX(SPOT_Import!$A$1:$Z$2488,50,'Live Data'!$C$22)),"") -> 2026-10-12T09:05:35.000Z | L50: =IF(A50="","",IF(ISNUMBER(K50),TEXT(K50,"yyyy-mm"),LEFT(K50,7))) -> 2026-10 | M50: =IF(A50="","",UPPER(TRIM(SUBSTITUTE(C50," - ","-")))) -> MERU | N50: =IF(A50="","",IFERROR(INDEX('Cluster Map'!$A$4:$A$38,MATCH(M50,'Cluster Map'!$B$4:$B$38,0)),"Unmapped")) -> Cluster 1 | O50: =IF(A50="",0,IF(COUNTIFS($A$2:A50,A50,$F$2:F50,F50,$L$2:L50,L50)=1,1,0)) -> 1 | P50: =IF(A50="",0,IF(AND(F50="C&T",COUNTIFS($A$2:A50,A50,$F$2:F50,"C&T")=1),1,0)) -> 1
A51: =IFERROR(IF(INDEX(SPOT_Import!$A$1:$Z$2488,51,'Live Data'!$C$12)="","",INDEX(SPOT_Import!$A$1:$Z$2488,51,'Live Data'!$C$12)),"") -> 12605 | B51: =IFERROR(IF(INDEX(SPOT_Import!$A$1:$Z$2488,51,'Live Data'!$C$13)="","",INDEX(SPOT_Import!$A$1:$Z$2488,51,'Live Data'!$C$13)),"") -> Mutuati Sub-District Hospital | C51: =IFERROR(IF(INDEX(SPOT_Import!$A$1:$Z$2488,51,'Live Data'!$C$14)="","",INDEX(SPOT_Import!$A$1:$Z$2488,51,'Live Data'!$C$14)),"") -> MERU | D51: =IFERROR(IF(INDEX(SPOT_Import!$A$1:$Z$2488,51,'Live Data'!$C$15)="","",INDEX(SPOT_Import!$A$1:$Z$2488,51,'Live Data'!$C$15)),"") -> Igembe North | E51: =IFERROR(IF(INDEX(SPOT_Import!$A$1:$Z$2488,51,'Live Data'!$C$16)="","",INDEX(SPOT_Import!$A$1:$Z$2488,51,'Live Data'!$C$16)),"") -> USAID Jamii Tekelezi | F51: =IFERROR(IF(INDEX(SPOT_Import!$A$1:$Z$2488,51,'Live Data'!$C$17)="","",INDEX(SPOT_Import!$A$1:$Z$2488,51,'Live Data'!$C$17)),"") -> C&T | G51: =IFERROR(IF(INDEX(SPOT_Import!$A$1:$Z$2488,51,'Live Data'!$C$18)="","",INDEX(SPOT_Import!$A$1:$Z$2488,51,'Live Data'!$C$18)),"") -> 1483 | H51: =IFERROR(IF(INDEX(SPOT_Import!$A$1:$Z$2488,51,'Live Data'!$C$19)="","",INDEX(SPOT_Import!$A$1:$Z$2488,51,'Live Data'!$C$19)),"") -> 1483 | I51: =IFERROR(IF(INDEX(SPOT_Import!$A$1:$Z$2488,51,'Live Data'!$C$20)="","",INDEX(SPOT_Import!$A$1:$Z$2488,51,'Live Data'!$C$20)),"") -> Complete | J51: =IFERROR(IF(INDEX(SPOT_Import!$A$1:$Z$2488,51,'Live Data'!$C$21)="","",INDEX(SPOT_Import!$A$1:$Z$2488,51,'Live Data'!$C$21)),"") -> 2026-10-12T08:42:39.000Z | K51: =IFERROR(IF(INDEX(SPOT_Import!$A$1:$Z$2488,51,'Live Data'!$C$22)="","",INDEX(SPOT_Import!$A$1:$Z$2488,51,'Live Data'!$C$22)),"") -> 2026-10-12T08:42:39.000Z | L51: =IF(A51="","",IF(ISNUMBER(K51),TEXT(K51,"yyyy-mm"),LEFT(K51,7))) -> 2026-10 | M51: =IF(A51="","",UPPER(TRIM(SUBSTITUTE(C51," - ","-")))) -> MERU | N51: =IF(A51="","",IFERROR(INDEX('Cluster Map'!$A$4:$A$38,MATCH(M51,'Cluster Map'!$B$4:$B$38,0)),"Unmapped")) -> Cluster 1 | O51: =IF(A51="",0,IF(COUNTIFS($A$2:A51,A51,$F$2:F51,F51,$L$2:L51,L51)=1,1,0)) -> 1 | P51: =IF(A51="",0,IF(AND(F51="C&T",COUNTIFS($A$2:A51,A51,$F$2:F51,"C&T")=1),1,0)) -> 1
A52: =IFERROR(IF(INDEX(SPOT_Import!$A$1:$Z$2488,52,'Live Data'!$C$12)="","",INDEX(SPOT_Import!$A$1:$Z$2488,52,'Live Data'!$C$12)),"") -> 12816 | B52: =IFERROR(IF(INDEX(SPOT_Import!$A$1:$Z$2488,52,'Live Data'!$C$13)="","",INDEX(SPOT_Import!$A$1:$Z$2488,52,'Live Data'!$C$13)),"") -> Tuuru Catholic Health Centre | C52: =IFERROR(IF(INDEX(SPOT_Import!$A$1:$Z$2488,52,'Live Data'!$C$14)="","",INDEX(SPOT_Import!$A$1:$Z$2488,52,'Live Data'!$C$14)),"") -> MERU | D52: =IFERROR(IF(INDEX(SPOT_Import!$A$1:$Z$2488,52,'Live Data'!$C$15)="","",INDEX(SPOT_Import!$A$1:$Z$2488,52,'Live Data'!$C$15)),"") -> Igembe Central | E52: =IFERROR(IF(INDEX(SPOT_Import!$A$1:$Z$2488,52,'Live Data'!$C$16)="","",INDEX(SPOT_Import!$A$1:$Z$2488,52,'Live Data'!$C$16)),"") -> USAID Jamii Tekelezi | F52: =IFERROR(IF(INDEX(SPOT_Import!$A$1:$Z$2488,52,'Live Data'!$C$17)="","",INDEX(SPOT_Import!$A$1:$Z$2488,52,'Live Data'!$C$17)),"") -> MNCH | G52: =IFERROR(IF(INDEX(SPOT_Import!$A$1:$Z$2488,52,'Live Data'!$C$18)="","",INDEX(SPOT_Import!$A$1:$Z$2488,52,'Live Data'!$C$18)),"") -> 1 | H52: =IFERROR(IF(INDEX(SPOT_Import!$A$1:$Z$2488,52,'Live Data'!$C$19)="","",INDEX(SPOT_Import!$A$1:$Z$2488,52,'Live Data'!$C$19)),"") | I52: =IFERROR(IF(INDEX(SPOT_Import!$A$1:$Z$2488,52,'Live Data'!$C$20)="","",INDEX(SPOT_Import!$A$1:$Z$2488,52,'Live Data'!$C$20)),"") -> Incomplete | J52: =IFERROR(IF(INDEX(SPOT_Import!$A$1:$Z$2488,52,'Live Data'!$C$21)="","",INDEX(SPOT_Import!$A$1:$Z$2488,52,'Live Data'!$C$21)),"") -> 2026-10-12T07:21:38.000Z | K52: =IFERROR(IF(INDEX(SPOT_Import!$A$1:$Z$2488,52,'Live Data'!$C$22)="","",INDEX(SPOT_Import!$A$1:$Z$2488,52,'Live Data'!$C$22)),"") -> 2026-10-12T07:21:38.000Z | L52: =IF(A52="","",IF(ISNUMBER(K52),TEXT(K52,"yyyy-mm"),LEFT(K52,7))) -> 2026-10 | M52: =IF(A52="","",UPPER(TRIM(SUBSTITUTE(C52," - ","-")))) -> MERU | N52: =IF(A52="","",IFERROR(INDEX('Cluster Map'!$A$4:$A$38,MATCH(M52,'Cluster Map'!$B$4:$B$38,0)),"Unmapped")) -> Cluster 1 | O52: =IF(A52="",0,IF(COUNTIFS($A$2:A52,A52,$F$2:F52,F52,$L$2:L52,L52)=1,1,0)) -> 1 | P52: =IF(A52="",0,IF(AND(F52="C&T",COUNTIFS($A$2:A52,A52,$F$2:F52,"C&T")=1),1,0)) -> 0
A53: =IFERROR(IF(INDEX(SPOT_Import!$A$1:$Z$2488,53,'Live Data'!$C$12)="","",INDEX(SPOT_Import!$A$1:$Z$2488,53,'Live Data'!$C$12)),"") -> 12605 | B53: =IFERROR(IF(INDEX(SPOT_Import!$A$1:$Z$2488,53,'Live Data'!$C$13)="","",INDEX(SPOT_Import!$A$1:$Z$2488,53,'Live Data'!$C$13)),"") -> Mutuati Sub-County Hospital | C53: =IFERROR(IF(INDEX(SPOT_Import!$A$1:$Z$2488,53,'Live Data'!$C$14)="","",INDEX(SPOT_Import!$A$1:$Z$2488,53,'Live Data'!$C$14)),"") -> MERU | D53: =IFERROR(IF(INDEX(SPOT_Import!$A$1:$Z$2488,53,'Live Data'!$C$15)="","",INDEX(SPOT_Import!$A$1:$Z$2488,53,'Live Data'!$C$15)),"") -> Igembe North | E53: =IFERROR(IF(INDEX(SPOT_Import!$A$1:$Z$2488,53,'Live Data'!$C$16)="","",INDEX(SPOT_Import!$A$1:$Z$2488,53,'Live Data'!$C$16)),"") -> USAID Jamii Tekelezi | F53: =IFERROR(IF(INDEX(SPOT_Import!$A$1:$Z$2488,53,'Live Data'!$C$17)="","",INDEX(SPOT_Import!$A$1:$Z$2488,53,'Live Data'!$C$17)),"") -> PREP | G53: =IFERROR(IF(INDEX(SPOT_Import!$A$1:$Z$2488,53,'Live Data'!$C$18)="","",INDEX(SPOT_Import!$A$1:$Z$2488,53,'Live Data'!$C$18)),"") -> 414 | H53: =IFERROR(IF(INDEX(SPOT_Import!$A$1:$Z$2488,53,'Live Data'!$C$19)="","",INDEX(SPOT_Import!$A$1:$Z$2488,53,'Live Data'!$C$19)),"") -> 414 | I53: =IFERROR(IF(INDEX(SPOT_Import!$A$1:$Z$2488,53,'Live Data'!$C$20)="","",INDEX(SPOT_Import!$A$1:$Z$2488,53,'Live Data'!$C$20)),"") -> Complete | J53: =IFERROR(IF(INDEX(SPOT_Import!$A$1:$Z$2488,53,'Live Data'!$C$21)="","",INDEX(SPOT_Import!$A$1:$Z$2488,53,'Live Data'!$C$21)),"") -> 2026-10-12T05:58:43.000Z | K53: =IFERROR(IF(INDEX(SPOT_Import!$A$1:$Z$2488,53,'Live Data'!$C$22)="","",INDEX(SPOT_Import!$A$1:$Z$2488,53,'Live Data'!$C$22)),"") -> 2026-10-12T05:58:43.000Z | L53: =IF(A53="","",IF(ISNUMBER(K53),TEXT(K53,"yyyy-mm"),LEFT(K53,7))) -> 2026-10 | M53: =IF(A53="","",UPPER(TRIM(SUBSTITUTE(C53," - ","-")))) -> MERU | N53: =IF(A53="","",IFERROR(INDEX('Cluster Map'!$A$4:$A$38,MATCH(M53,'Cluster Map'!$B$4:$B$38,0)),"Unmapped")) -> Cluster 1 | O53: =IF(A53="",0,IF(COUNTIFS($A$2:A53,A53,$F$2:F53,F53,$L$2:L53,L53)=1,1,0)) -> 1 | P53: =IF(A53="",0,IF(AND(F53="C&T",COUNTIFS($A$2:A53,A53,$F$2:F53,"C&T")=1),1,0)) -> 0
A54: =IFERROR(IF(INDEX(SPOT_Import!$A$1:$Z$2488,54,'Live Data'!$C$12)="","",INDEX(SPOT_Import!$A$1:$Z$2488,54,'Live Data'!$C$12)),"") -> 12605 | B54: =IFERROR(IF(INDEX(SPOT_Import!$A$1:$Z$2488,54,'Live Data'!$C$13)="","",INDEX(SPOT_Import!$A$1:$Z$2488,54,'Live Data'!$C$13)),"") -> Mutuati Sub-County Hospital | C54: =IFERROR(IF(INDEX(SPOT_Import!$A$1:$Z$2488,54,'Live Data'!$C$14)="","",INDEX(SPOT_Import!$A$1:$Z$2488,54,'Live Data'!$C$14)),"") -> MERU | D54: =IFERROR(IF(INDEX(SPOT_Import!$A$1:$Z$2488,54,'Live Data'!$C$15)="","",INDEX(SPOT_Import!$A$1:$Z$2488,54,'Live Data'!$C$15)),"") -> Igembe North | E54: =IFERROR(IF(INDEX(SPOT_Import!$A$1:$Z$2488,54,'Live Data'!$C$16)="","",INDEX(SPOT_Import!$A$1:$Z$2488,54,'Live Data'!$C$16)),"") -> USAID Jamii Tekelezi | F54: =IFERROR(IF(INDEX(SPOT_Import!$A$1:$Z$2488,54,'Live Data'!$C$17)="","",INDEX(SPOT_Import!$A$1:$Z$2488,54,'Live Data'!$C$17)),"") -> MNCH | G54: =IFERROR(IF(INDEX(SPOT_Import!$A$1:$Z$2488,54,'Live Data'!$C$18)="","",INDEX(SPOT_Import!$A$1:$Z$2488,54,'Live Data'!$C$18)),"") -> 235 | H54: =IFERROR(IF(INDEX(SPOT_Import!$A$1:$Z$2488,54,'Live Data'!$C$19)="","",INDEX(SPOT_Import!$A$1:$Z$2488,54,'Live Data'!$C$19)),"") -> 235 | I54: =IFERROR(IF(INDEX(SPOT_Import!$A$1:$Z$2488,54,'Live Data'!$C$20)="","",INDEX(SPOT_Import!$A$1:$Z$2488,54,'Live Data'!$C$20)),"") -> Complete | J54: =IFERROR(IF(INDEX(SPOT_Import!$A$1:$Z$2488,54,'Live Data'!$C$21)="","",INDEX(SPOT_Import!$A$1:$Z$2488,54,'Live Data'!$C$21)),"") -> 2026-10-12T05:58:30.000Z | K54: =IFERROR(IF(INDEX(SPOT_Import!$A$1:$Z$2488,54,'Live Data'!$C$22)="","",INDEX(SPOT_Import!$A$1:$Z$2488,54,'Live Data'!$C$22)),"") -> 2026-10-12T05:58:30.000Z | L54: =IF(A54="","",IF(ISNUMBER(K54),TEXT(K54,"yyyy-mm"),LEFT(K54,7))) -> 2026-10 | M54: =IF(A54="","",UPPER(TRIM(SUBSTITUTE(C54," - ","-")))) -> MERU | N54: =IF(A54="","",IFERROR(INDEX('Cluster Map'!$A$4:$A$38,MATCH(M54,'Cluster Map'!$B$4:$B$38,0)),"Unmapped")) -> Cluster 1 | O54: =IF(A54="",0,IF(COUNTIFS($A$2:A54,A54,$F$2:F54,F54,$L$2:L54,L54)=1,1,0)) -> 1 | P54: =IF(A54="",0,IF(AND(F54="C&T",COUNTIFS($A$2:A54,A54,$F$2:F54,"C&T")=1),1,0)) -> 0
A55: =IFERROR(IF(INDEX(SPOT_Import!$A$1:$Z$2488,55,'Live Data'!$C$12)="","",INDEX(SPOT_Import!$A$1:$Z$2488,55,'Live Data'!$C$12)),"") -> 12605 | B55: =IFERROR(IF(INDEX(SPOT_Import!$A$1:$Z$2488,55,'Live Data'!$C$13)="","",INDEX(SPOT_Import!$A$1:$Z$2488,55,'Live Data'!$C$13)),"") -> Mutuati Sub-County Hospital | C55: =IFERROR(IF(INDEX(SPOT_Import!$A$1:$Z$2488,55,'Live Data'!$C$14)="","",INDEX(SPOT_Import!$A$1:$Z$2488,55,'Live Data'!$C$14)),"") -> MERU | D55: =IFERROR(IF(INDEX(SPOT_Import!$A$1:$Z$2488,55,'Live Data'!$C$15)="","",INDEX(SPOT_Import!$A$1:$Z$2488,55,'Live Data'!$C$15)),"") -> Igembe North | E55: =IFERROR(IF(INDEX(SPOT_Import!$A$1:$Z$2488,55,'Live Data'!$C$16)="","",INDEX(SPOT_Import!$A$1:$Z$2488,55,'Live Data'!$C$16)),"") -> USAID Jamii Tekelezi | F55: =IFERROR(IF(INDEX(SPOT_Import!$A$1:$Z$2488,55,'Live Data'!$C$17)="","",INDEX(SPOT_Import!$A$1:$Z$2488,55,'Live Data'!$C$17)),"") -> HTS | G55: =IFERROR(IF(INDEX(SPOT_Import!$A$1:$Z$2488,55,'Live Data'!$C$18)="","",INDEX(SPOT_Import!$A$1:$Z$2488,55,'Live Data'!$C$18)),"") -> 2765 | H55: =IFERROR(IF(INDEX(SPOT_Import!$A$1:$Z$2488,55,'Live Data'!$C$19)="","",INDEX(SPOT_Import!$A$1:$Z$2488,55,'Live Data'!$C$19)),"") -> 2765 | I55: =IFERROR(IF(INDEX(SPOT_Import!$A$1:$Z$2488,55,'Live Data'!$C$20)="","",INDEX(SPOT_Import!$A$1:$Z$2488,55,'Live Data'!$C$20)),"") -> Complete | J55: =IFERROR(IF(INDEX(SPOT_Import!$A$1:$Z$2488,55,'Live Data'!$C$21)="","",INDEX(SPOT_Import!$A$1:$Z$2488,55,'Live Data'!$C$21)),"") -> 2026-10-12T05:58:07.000Z | K55: =IFERROR(IF(INDEX(SPOT_Import!$A$1:$Z$2488,55,'Live Data'!$C$22)="","",INDEX(SPOT_Import!$A$1:$Z$2488,55,'Live Data'!$C$22)),"") -> 2026-10-12T05:58:07.000Z | L55: =IF(A55="","",IF(ISNUMBER(K55),TEXT(K55,"yyyy-mm"),LEFT(K55,7))) -> 2026-10 | M55: =IF(A55="","",UPPER(TRIM(SUBSTITUTE(C55," - ","-")))) -> MERU | N55: =IF(A55="","",IFERROR(INDEX('Cluster Map'!$A$4:$A$38,MATCH(M55,'Cluster Map'!$B$4:$B$38,0)),"Unmapped")) -> Cluster 1 | O55: =IF(A55="",0,IF(COUNTIFS($A$2:A55,A55,$F$2:F55,F55,$L$2:L55,L55)=1,1,0)) -> 1 | P55: =IF(A55="",0,IF(AND(F55="C&T",COUNTIFS($A$2:A55,A55,$F$2:F55,"C&T")=1),1,0)) -> 0
A56: =IFERROR(IF(INDEX(SPOT_Import!$A$1:$Z$2488,56,'Live Data'!$C$12)="","",INDEX(SPOT_Import!$A$1:$Z$2488,56,'Live Data'!$C$12)),"") -> 12525 | B56: =IFERROR(IF(INDEX(SPOT_Import!$A$1:$Z$2488,56,'Live Data'!$C$13)="","",INDEX(SPOT_Import!$A$1:$Z$2488,56,'Live Data'!$C$13)),"") -> Mikinduri Sub-District Hospial | C56: =IFERROR(IF(INDEX(SPOT_Import!$A$1:$Z$2488,56,'Live Data'!$C$14)="","",INDEX(SPOT_Import!$A$1:$Z$2488,56,'Live Data'!$C$14)),"") -> MERU | D56: =IFERROR(IF(INDEX(SPOT_Import!$A$1:$Z$2488,56,'Live Data'!$C$15)="","",INDEX(SPOT_Import!$A$1:$Z$2488,56,'Live Data'!$C$15)),"") -> Tigania East | E56: =IFERROR(IF(INDEX(SPOT_Import!$A$1:$Z$2488,56,'Live Data'!$C$16)="","",INDEX(SPOT_Import!$A$1:$Z$2488,56,'Live Data'!$C$16)),"") -> USAID Jamii Tekelezi | F56: =IFERROR(IF(INDEX(SPOT_Import!$A$1:$Z$2488,56,'Live Data'!$C$17)="","",INDEX(SPOT_Import!$A$1:$Z$2488,56,'Live Data'!$C$17)),"") -> PREP | G56: =IFERROR(IF(INDEX(SPOT_Import!$A$1:$Z$2488,56,'Live Data'!$C$18)="","",INDEX(SPOT_Import!$A$1:$Z$2488,56,'Live Data'!$C$18)),"") -> 101 | H56: =IFERROR(IF(INDEX(SPOT_Import!$A$1:$Z$2488,56,'Live Data'!$C$19)="","",INDEX(SPOT_Import!$A$1:$Z$2488,56,'Live Data'!$C$19)),"") -> 101 | I56: =IFERROR(IF(INDEX(SPOT_Import!$A$1:$Z$2488,56,'Live Data'!$C$20)="","",INDEX(SPOT_Import!$A$1:$Z$2488,56,'Live Data'!$C$20)),"") -> Complete | J56: =IFERROR(IF(INDEX(SPOT_Import!$A$1:$Z$2488,56,'Live Data'!$C$21)="","",INDEX(SPOT_Import!$A$1:$Z$2488,56,'Live Data'!$C$21)),"") -> 2026-10-10T13:10:38.000Z | K56: =IFERROR(IF(INDEX(SPOT_Import!$A$1:$Z$2488,56,'Live Data'!$C$22)="","",INDEX(SPOT_Import!$A$1:$Z$2488,56,'Live Data'!$C$22)),"") -> 2026-10-10T13:10:38.000Z | L56: =IF(A56="","",IF(ISNUMBER(K56),TEXT(K56,"yyyy-mm"),LEFT(K56,7))) -> 2026-10 | M56: =IF(A56="","",UPPER(TRIM(SUBSTITUTE(C56," - ","-")))) -> MERU | N56: =IF(A56="","",IFERROR(INDEX('Cluster Map'!$A$4:$A$38,MATCH(M56,'Cluster Map'!$B$4:$B$38,0)),"Unmapped")) -> Cluster 1 | O56: =IF(A56="",0,IF(COUNTIFS($A$2:A56,A56,$F$2:F56,F56,$L$2:L56,L56)=1,1,0)) -> 1 | P56: =IF(A56="",0,IF(AND(F56="C&T",COUNTIFS($A$2:A56,A56,$F$2:F56,"C&T")=1),1,0)) -> 0
A57: =IFERROR(IF(INDEX(SPOT_Import!$A$1:$Z$2488,57,'Live Data'!$C$12)="","",INDEX(SPOT_Import!$A$1:$Z$2488,57,'Live Data'!$C$12)),"") -> 12525 | B57: =IFERROR(IF(INDEX(SPOT_Import!$A$1:$Z$2488,57,'Live Data'!$C$13)="","",INDEX(SPOT_Import!$A$1:$Z$2488,57,'Live Data'!$C$13)),"") -> Mikinduri Sub-District Hospial | C57: =IFERROR(IF(INDEX(SPOT_Import!$A$1:$Z$2488,57,'Live Data'!$C$14)="","",INDEX(SPOT_Import!$A$1:$Z$2488,57,'Live Data'!$C$14)),"") -> MERU | D57: =IFERROR(IF(INDEX(SPOT_Import!$A$1:$Z$2488,57,'Live Data'!$C$15)="","",INDEX(SPOT_Import!$A$1:$Z$2488,57,'Live Data'!$C$15)),"") -> Tigania East | E57: =IFERROR(IF(INDEX(SPOT_Import!$A$1:$Z$2488,57,'Live Data'!$C$16)="","",INDEX(SPOT_Import!$A$1:$Z$2488,57,'Live Data'!$C$16)),"") -> USAID Jamii Tekelezi | F57: =IFERROR(IF(INDEX(SPOT_Import!$A$1:$Z$2488,57,'Live Data'!$C$17)="","",INDEX(SPOT_Import!$A$1:$Z$2488,57,'Live Data'!$C$17)),"") -> MNCH | G57: =IFERROR(IF(INDEX(SPOT_Import!$A$1:$Z$2488,57,'Live Data'!$C$18)="","",INDEX(SPOT_Import!$A$1:$Z$2488,57,'Live Data'!$C$18)),"") -> 136 | H57: =IFERROR(IF(INDEX(SPOT_Import!$A$1:$Z$2488,57,'Live Data'!$C$19)="","",INDEX(SPOT_Import!$A$1:$Z$2488,57,'Live Data'!$C$19)),"") -> 136 | I57: =IFERROR(IF(INDEX(SPOT_Import!$A$1:$Z$2488,57,'Live Data'!$C$20)="","",INDEX(SPOT_Import!$A$1:$Z$2488,57,'Live Data'!$C$20)),"") -> Complete | J57: =IFERROR(IF(INDEX(SPOT_Import!$A$1:$Z$2488,57,'Live Data'!$C$21)="","",INDEX(SPOT_Import!$A$1:$Z$2488,57,'Live Data'!$C$21)),"") -> 2026-10-10T13:09:59.000Z | K57: =IFERROR(IF(INDEX(SPOT_Import!$A$1:$Z$2488,57,'Live Data'!$C$22)="","",INDEX(SPOT_Import!$A$1:$Z$2488,57,'Live Data'!$C$22)),"") -> 2026-10-10T13:09:59.000Z | L57: =IF(A57="","",IF(ISNUMBER(K57),TEXT(K57,"yyyy-mm"),LEFT(K57,7))) -> 2026-10 | M57: =IF(A57="","",UPPER(TRIM(SUBSTITUTE(C57," - ","-")))) -> MERU | N57: =IF(A57="","",IFERROR(INDEX('Cluster Map'!$A$4:$A$38,MATCH(M57,'Cluster Map'!$B$4:$B$38,0)),"Unmapped")) -> Cluster 1 | O57: =IF(A57="",0,IF(COUNTIFS($A$2:A57,A57,$F$2:F57,F57,$L$2:L57,L57)=1,1,0)) -> 1 | P57: =IF(A57="",0,IF(AND(F57="C&T",COUNTIFS($A$2:A57,A57,$F$2:F57,"C&T")=1),1,0)) -> 0
A58: =IFERROR(IF(INDEX(SPOT_Import!$A$1:$Z$2488,58,'Live Data'!$C$12)="","",INDEX(SPOT_Import!$A$1:$Z$2488,58,'Live Data'!$C$12)),"") -> 12525 | B58: =IFERROR(IF(INDEX(SPOT_Import!$A$1:$Z$2488,58,'Live Data'!$C$13)="","",INDEX(SPOT_Import!$A$1:$Z$2488,58,'Live Data'!$C$13)),"") -> Mikinduri Sub-District Hospial | C58: =IFERROR(IF(INDEX(SPOT_Import!$A$1:$Z$2488,58,'Live Data'!$C$14)="","",INDEX(SPOT_Import!$A$1:$Z$2488,58,'Live Data'!$C$14)),"") -> MERU | D58: =IFERROR(IF(INDEX(SPOT_Import!$A$1:$Z$2488,58,'Live Data'!$C$15)="","",INDEX(SPOT_Import!$A$1:$Z$2488,58,'Live Data'!$C$15)),"") -> Tigania East | E58: =IFERROR(IF(INDEX(SPOT_Import!$A$1:$Z$2488,58,'Live Data'!$C$16)="","",INDEX(SPOT_Import!$A$1:$Z$2488,58,'Live Data'!$C$16)),"") -> USAID Jamii Tekelezi | F58: =IFERROR(IF(INDEX(SPOT_Import!$A$1:$Z$2488,58,'Live Data'!$C$17)="","",INDEX(SPOT_Import!$A$1:$Z$2488,58,'Live Data'!$C$17)),"") -> HTS | G58: =IFERROR(IF(INDEX(SPOT_Import!$A$1:$Z$2488,58,'Live Data'!$C$18)="","",INDEX(SPOT_Import!$A$1:$Z$2488,58,'Live Data'!$C$18)),"") -> 2490 | H58: =IFERROR(IF(INDEX(SPOT_Import!$A$1:$Z$2488,58,'Live Data'!$C$19)="","",INDEX(SPOT_Import!$A$1:$Z$2488,58,'Live Data'!$C$19)),"") -> 2490 | I58: =IFERROR(IF(INDEX(SPOT_Import!$A$1:$Z$2488,58,'Live Data'!$C$20)="","",INDEX(SPOT_Import!$A$1:$Z$2488,58,'Live Data'!$C$20)),"") -> Complete | J58: =IFERROR(IF(INDEX(SPOT_Import!$A$1:$Z$2488,58,'Live Data'!$C$21)="","",INDEX(SPOT_Import!$A$1:$Z$2488,58,'Live Data'!$C$21)),"") -> 2026-10-10T13:09:39.000Z | K58: =IFERROR(IF(INDEX(SPOT_Import!$A$1:$Z$2488,58,'Live Data'!$C$22)="","",INDEX(SPOT_Import!$A$1:$Z$2488,58,'Live Data'!$C$22)),"") -> 2026-10-10T13:09:39.000Z | L58: =IF(A58="","",IF(ISNUMBER(K58),TEXT(K58,"yyyy-mm"),LEFT(K58,7))) -> 2026-10 | M58: =IF(A58="","",UPPER(TRIM(SUBSTITUTE(C58," - ","-")))) -> MERU | N58: =IF(A58="","",IFERROR(INDEX('Cluster Map'!$A$4:$A$38,MATCH(M58,'Cluster Map'!$B$4:$B$38,0)),"Unmapped")) -> Cluster 1 | O58: =IF(A58="",0,IF(COUNTIFS($A$2:A58,A58,$F$2:F58,F58,$L$2:L58,L58)=1,1,0)) -> 1 | P58: =IF(A58="",0,IF(AND(F58="C&T",COUNTIFS($A$2:A58,A58,$F$2:F58,"C&T")=1),1,0)) -> 0
A59: =IFERROR(IF(INDEX(SPOT_Import!$A$1:$Z$2488,59,'Live Data'!$C$12)="","",INDEX(SPOT_Import!$A$1:$Z$2488,59,'Live Data'!$C$12)),"") -> 12525 | B59: =IFERROR(IF(INDEX(SPOT_Import!$A$1:$Z$2488,59,'Live Data'!$C$13)="","",INDEX(SPOT_Import!$A$1:$Z$2488,59,'Live Data'!$C$13)),"") -> Mikinduri Sub-District Hospial | C59: =IFERROR(IF(INDEX(SPOT_Import!$A$1:$Z$2488,59,'Live Data'!$C$14)="","",INDEX(SPOT_Import!$A$1:$Z$2488,59,'Live Data'!$C$14)),"") -> MERU | D59: =IFERROR(IF(INDEX(SPOT_Import!$A$1:$Z$2488,59,'Live Data'!$C$15)="","",INDEX(SPOT_Import!$A$1:$Z$2488,59,'Live Data'!$C$15)),"") -> Tigania East | E59: =IFERROR(IF(INDEX(SPOT_Import!$A$1:$Z$2488,59,'Live Data'!$C$16)="","",INDEX(SPOT_Import!$A$1:$Z$2488,59,'Live Data'!$C$16)),"") -> USAID Jamii Tekelezi | F59: =IFERROR(IF(INDEX(SPOT_Import!$A$1:$Z$2488,59,'Live Data'!$C$17)="","",INDEX(SPOT_Import!$A$1:$Z$2488,59,'Live Data'!$C$17)),"") -> C&T | G59: =IFERROR(IF(INDEX(SPOT_Import!$A$1:$Z$2488,59,'Live Data'!$C$18)="","",INDEX(SPOT_Import!$A$1:$Z$2488,59,'Live Data'!$C$18)),"") -> 654 | H59: =IFERROR(IF(INDEX(SPOT_Import!$A$1:$Z$2488,59,'Live Data'!$C$19)="","",INDEX(SPOT_Import!$A$1:$Z$2488,59,'Live Data'!$C$19)),"") -> 654 | I59: =IFERROR(IF(INDEX(SPOT_Import!$A$1:$Z$2488,59,'Live Data'!$C$20)="","",INDEX(SPOT_Import!$A$1:$Z$2488,59,'Live Data'!$C$20)),"") -> Complete | J59: =IFERROR(IF(INDEX(SPOT_Import!$A$1:$Z$2488,59,'Live Data'!$C$21)="","",INDEX(SPOT_Import!$A$1:$Z$2488,59,'Live Data'!$C$21)),"") -> 2026-10-10T12:51:56.000Z | K59: =IFERROR(IF(INDEX(SPOT_Import!$A$1:$Z$2488,59,'Live Data'!$C$22)="","",INDEX(SPOT_Import!$A$1:$Z$2488,59,'Live Data'!$C$22)),"") -> 2026-10-10T12:51:56.000Z | L59: =IF(A59="","",IF(ISNUMBER(K59),TEXT(K59,"yyyy-mm"),LEFT(K59,7))) -> 2026-10 | M59: =IF(A59="","",UPPER(TRIM(SUBSTITUTE(C59," - ","-")))) -> MERU | N59: =IF(A59="","",IFERROR(INDEX('Cluster Map'!$A$4:$A$38,MATCH(M59,'Cluster Map'!$B$4:$B$38,0)),"Unmapped")) -> Cluster 1 | O59: =IF(A59="",0,IF(COUNTIFS($A$2:A59,A59,$F$2:F59,F59,$L$2:L59,L59)=1,1,0)) -> 1 | P59: =IF(A59="",0,IF(AND(F59="C&T",COUNTIFS($A$2:A59,A59,$F$2:F59,"C&T")=1),1,0)) -> 1
A60: =IFERROR(IF(INDEX(SPOT_Import!$A$1:$Z$2488,60,'Live Data'!$C$12)="","",INDEX(SPOT_Import!$A$1:$Z$2488,60,'Live Data'!$C$12)),"") -> 16555 | B60: =IFERROR(IF(INDEX(SPOT_Import!$A$1:$Z$2488,60,'Live Data'!$C$13)="","",INDEX(SPOT_Import!$A$1:$Z$2488,60,'Live Data'!$C$13)),"") -> Theere Health Centre | C60: =IFERROR(IF(INDEX(SPOT_Import!$A$1:$Z$2488,60,'Live Data'!$C$14)="","",INDEX(SPOT_Import!$A$1:$Z$2488,60,'Live Data'!$C$14)),"") -> MERU | D60: =IFERROR(IF(INDEX(SPOT_Import!$A$1:$Z$2488,60,'Live Data'!$C$15)="","",INDEX(SPOT_Import!$A$1:$Z$2488,60,'Live Data'!$C$15)),"") -> Igembe North | E60: =IFERROR(IF(INDEX(SPOT_Import!$A$1:$Z$2488,60,'Live Data'!$C$16)="","",INDEX(SPOT_Import!$A$1:$Z$2488,60,'Live Data'!$C$16)),"") -> USAID Jamii Tekelezi | F60: =IFERROR(IF(INDEX(SPOT_Import!$A$1:$Z$2488,60,'Live Data'!$C$17)="","",INDEX(SPOT_Import!$A$1:$Z$2488,60,'Live Data'!$C$17)),"") -> HTS | G60: =IFERROR(IF(INDEX(SPOT_Import!$A$1:$Z$2488,60,'Live Data'!$C$18)="","",INDEX(SPOT_Import!$A$1:$Z$2488,60,'Live Data'!$C$18)),"") -> 1640 | H60: =IFERROR(IF(INDEX(SPOT_Import!$A$1:$Z$2488,60,'Live Data'!$C$19)="","",INDEX(SPOT_Import!$A$1:$Z$2488,60,'Live Data'!$C$19)),"") | I60: =IFERROR(IF(INDEX(SPOT_Import!$A$1:$Z$2488,60,'Live Data'!$C$20)="","",INDEX(SPOT_Import!$A$1:$Z$2488,60,'Live Data'!$C$20)),"") -> Incomplete | J60: =IFERROR(IF(INDEX(SPOT_Import!$A$1:$Z$2488,60,'Live Data'!$C$21)="","",INDEX(SPOT_Import!$A$1:$Z$2488,60,'Live Data'!$C$21)),"") -> 2026-10-10T11:21:48.000Z | K60: =IFERROR(IF(INDEX(SPOT_Import!$A$1:$Z$2488,60,'Live Data'!$C$22)="","",INDEX(SPOT_Import!$A$1:$Z$2488,60,'Live Data'!$C$22)),"") -> 2026-10-10T11:21:48.000Z | L60: =IF(A60="","",IF(ISNUMBER(K60),TEXT(K60,"yyyy-mm"),LEFT(K60,7))) -> 2026-10 | M60: =IF(A60="","",UPPER(TRIM(SUBSTITUTE(C60," - ","-")))) -> MERU | N60: =IF(A60="","",IFERROR(INDEX('Cluster Map'!$A$4:$A$38,MATCH(M60,'Cluster Map'!$B$4:$B$38,0)),"Unmapped")) -> Cluster 1 | O60: =IF(A60="",0,IF(COUNTIFS($A$2:A60,A60,$F$2:F60,F60,$L$2:L60,L60)=1,1,0)) -> 1 | P60: =IF(A60="",0,IF(AND(F60="C&T",COUNTIFS($A$2:A60,A60,$F$2:F60,"C&T")=1),1,0)) -> 0
A61: =IFERROR(IF(INDEX(SPOT_Import!$A$1:$Z$2488,61,'Live Data'!$C$12)="","",INDEX(SPOT_Import!$A$1:$Z$2488,61,'Live Data'!$C$12)),"") -> 16555 | B61: =IFERROR(IF(INDEX(SPOT_Import!$A$1:$Z$2488,61,'Live Data'!$C$13)="","",INDEX(SPOT_Import!$A$1:$Z$2488,61,'Live Data'!$C$13)),"") -> Theere Health Centre | C61: =IFERROR(IF(INDEX(SPOT_Import!$A$1:$Z$2488,61,'Live Data'!$C$14)="","",INDEX(SPOT_Import!$A$1:$Z$2488,61,'Live Data'!$C$14)),"") -> MERU | D61: =IFERROR(IF(INDEX(SPOT_Import!$A$1:$Z$2488,61,'Live Data'!$C$15)="","",INDEX(SPOT_Import!$A$1:$Z$2488,61,'Live Data'!$C$15)),"") -> Igembe North | E61: =IFERROR(IF(INDEX(SPOT_Import!$A$1:$Z$2488,61,'Live Data'!$C$16)="","",INDEX(SPOT_Import!$A$1:$Z$2488,61,'Live Data'!$C$16)),"") -> USAID Jamii Tekelezi | F61: =IFERROR(IF(INDEX(SPOT_Import!$A$1:$Z$2488,61,'Live Data'!$C$17)="","",INDEX(SPOT_Import!$A$1:$Z$2488,61,'Live Data'!$C$17)),"") -> C&T | G61: =IFERROR(IF(INDEX(SPOT_Import!$A$1:$Z$2488,61,'Live Data'!$C$18)="","",INDEX(SPOT_Import!$A$1:$Z$2488,61,'Live Data'!$C$18)),"") -> 345 | H61: =IFERROR(IF(INDEX(SPOT_Import!$A$1:$Z$2488,61,'Live Data'!$C$19)="","",INDEX(SPOT_Import!$A$1:$Z$2488,61,'Live Data'!$C$19)),"") -> 345 | I61: =IFERROR(IF(INDEX(SPOT_Import!$A$1:$Z$2488,61,'Live Data'!$C$20)="","",INDEX(SPOT_Import!$A$1:$Z$2488,61,'Live Data'!$C$20)),"") -> Complete | J61: =IFERROR(IF(INDEX(SPOT_Import!$A$1:$Z$2488,61,'Live Data'!$C$21)="","",INDEX(SPOT_Import!$A$1:$Z$2488,61,'Live Data'!$C$21)),"") -> 2026-10-10T10:53:35.000Z | K61: =IFERROR(IF(INDEX(SPOT_Import!$A$1:$Z$2488,61,'Live Data'!$C$22)="","",INDEX(SPOT_Import!$A$1:$Z$2488,61,'Live Data'!$C$22)),"") -> 2026-10-10T10:53:35.000Z | L61: =IF(A61="","",IF(ISNUMBER(K61),TEXT(K61,"yyyy-mm"),LEFT(K61,7))) -> 2026-10 | M61: =IF(A61="","",UPPER(TRIM(SUBSTITUTE(C61," - ","-")))) -> MERU | N61: =IF(A61="","",IFERROR(INDEX('Cluster Map'!$A$4:$A$38,MATCH(M61,'Cluster Map'!$B$4:$B$38,0)),"Unmapped")) -> Cluster 1 | O61: =IF(A61="",0,IF(COUNTIFS($A$2:A61,A61,$F$2:F61,F61,$L$2:L61,L61)=1,1,0)) -> 1 | P61: =IF(A61="",0,IF(AND(F61="C&T",COUNTIFS($A$2:A61,A61,$F$2:F61,"C&T")=1),1,0)) -> 1
A62: =IFERROR(IF(INDEX(SPOT_Import!$A$1:$Z$2488,62,'Live Data'!$C$12)="","",INDEX(SPOT_Import!$A$1:$Z$2488,62,'Live Data'!$C$12)),"") -> 12625 | B62: =IFERROR(IF(INDEX(SPOT_Import!$A$1:$Z$2488,62,'Live Data'!$C$13)="","",INDEX(SPOT_Import!$A$1:$Z$2488,62,'Live Data'!$C$13)),"") -> Mweronkaga Dispensary | C62: =IFERROR(IF(INDEX(SPOT_Import!$A$1:$Z$2488,62,'Live Data'!$C$14)="","",INDEX(SPOT_Import!$A$1:$Z$2488,62,'Live Data'!$C$14)),"") -> MERU | D62: =IFERROR(IF(INDEX(SPOT_Import!$A$1:$Z$2488,62,'Live Data'!$C$15)="","",INDEX(SPOT_Import!$A$1:$Z$2488,62,'Live Data'!$C$15)),"") -> Tigania West | E62: =IFERROR(IF(INDEX(SPOT_Import!$A$1:$Z$2488,62,'Live Data'!$C$16)="","",INDEX(SPOT_Import!$A$1:$Z$2488,62,'Live Data'!$C$16)),"") -> USAID Jamii Tekelezi | F62: =IFERROR(IF(INDEX(SPOT_Import!$A$1:$Z$2488,62,'Live Data'!$C$17)="","",INDEX(SPOT_Import!$A$1:$Z$2488,62,'Live Data'!$C$17)),"") -> MNCH | G62: =IFERROR(IF(INDEX(SPOT_Import!$A$1:$Z$2488,62,'Live Data'!$C$18)="","",INDEX(SPOT_Import!$A$1:$Z$2488,62,'Live Data'!$C$18)),"") -> 5 | H62: =IFERROR(IF(INDEX(SPOT_Import!$A$1:$Z$2488,62,'Live Data'!$C$19)="","",INDEX(SPOT_Import!$A$1:$Z$2488,62,'Live Data'!$C$19)),"") | I62: =IFERROR(IF(INDEX(SPOT_Import!$A$1:$Z$2488,62,'Live Data'!$C$20)="","",INDEX(SPOT_Import!$A$1:$Z$2488,62,'Live Data'!$C$20)),"") -> Incomplete | J62: =IFERROR(IF(INDEX(SPOT_Import!$A$1:$Z$2488,62,'Live Data'!$C$21)="","",INDEX(SPOT_Import!$A$1:$Z$2488,62,'Live Data'!$C$21)),"") -> 2026-10-10T09:37:59.000Z | K62: =IFERROR(IF(INDEX(SPOT_Import!$A$1:$Z$2488,62,'Live Data'!$C$22)="","",INDEX(SPOT_Import!$A$1:$Z$2488,62,'Live Data'!$C$22)),"") -> 2026-10-10T09:37:59.000Z | L62: =IF(A62="","",IF(ISNUMBER(K62),TEXT(K62,"yyyy-mm"),LEFT(K62,7))) -> 2026-10 | M62: =IF(A62="","",UPPER(TRIM(SUBSTITUTE(C62," - ","-")))) -> MERU | N62: =IF(A62="","",IFERROR(INDEX('Cluster Map'!$A$4:$A$38,MATCH(M62,'Cluster Map'!$B$4:$B$38,0)),"Unmapped")) -> Cluster 1 | O62: =IF(A62="",0,IF(COUNTIFS($A$2:A62,A62,$F$2:F62,F62,$L$2:L62,L62)=1,1,0)) -> 1 | P62: =IF(A62="",0,IF(AND(F62="C&T",COUNTIFS($A$2:A62,A62,$F$2:F62,"C&T")=1),1,0)) -> 0
A63: =IFERROR(IF(INDEX(SPOT_Import!$A$1:$Z$2488,63,'Live Data'!$C$12)="","",INDEX(SPOT_Import!$A$1:$Z$2488,63,'Live Data'!$C$12)),"") -> 12625 | B63: =IFERROR(IF(INDEX(SPOT_Import!$A$1:$Z$2488,63,'Live Data'!$C$13)="","",INDEX(SPOT_Import!$A$1:$Z$2488,63,'Live Data'!$C$13)),"") -> Mweronkaga Dispensary | C63: =IFERROR(IF(INDEX(SPOT_Import!$A$1:$Z$2488,63,'Live Data'!$C$14)="","",INDEX(SPOT_Import!$A$1:$Z$2488,63,'Live Data'!$C$14)),"") -> MERU | D63: =IFERROR(IF(INDEX(SPOT_Import!$A$1:$Z$2488,63,'Live Data'!$C$15)="","",INDEX(SPOT_Import!$A$1:$Z$2488,63,'Live Data'!$C$15)),"") -> Tigania West | E63: =IFERROR(IF(INDEX(SPOT_Import!$A$1:$Z$2488,63,'Live Data'!$C$16)="","",INDEX(SPOT_Import!$A$1:$Z$2488,63,'Live Data'!$C$16)),"") -> USAID Jamii Tekelezi | F63: =IFERROR(IF(INDEX(SPOT_Import!$A$1:$Z$2488,63,'Live Data'!$C$17)="","",INDEX(SPOT_Import!$A$1:$Z$2488,63,'Live Data'!$C$17)),"") -> C&T | G63: =IFERROR(IF(INDEX(SPOT_Import!$A$1:$Z$2488,63,'Live Data'!$C$18)="","",INDEX(SPOT_Import!$A$1:$Z$2488,63,'Live Data'!$C$18)),"") -> 28 | H63: =IFERROR(IF(INDEX(SPOT_Import!$A$1:$Z$2488,63,'Live Data'!$C$19)="","",INDEX(SPOT_Import!$A$1:$Z$2488,63,'Live Data'!$C$19)),"") -> 28 | I63: =IFERROR(IF(INDEX(SPOT_Import!$A$1:$Z$2488,63,'Live Data'!$C$20)="","",INDEX(SPOT_Import!$A$1:$Z$2488,63,'Live Data'!$C$20)),"") -> Complete | J63: =IFERROR(IF(INDEX(SPOT_Import!$A$1:$Z$2488,63,'Live Data'!$C$21)="","",INDEX(SPOT_Import!$A$1:$Z$2488,63,'Live Data'!$C$21)),"") -> 2026-10-10T09:33:44.000Z | K63: =IFERROR(IF(INDEX(SPOT_Import!$A$1:$Z$2488,63,'Live Data'!$C$22)="","",INDEX(SPOT_Import!$A$1:$Z$2488,63,'Live Data'!$C$22)),"") -> 2026-10-10T09:33:44.000Z | L63: =IF(A63="","",IF(ISNUMBER(K63),TEXT(K63,"yyyy-mm"),LEFT(K63,7))) -> 2026-10 | M63: =IF(A63="","",UPPER(TRIM(SUBSTITUTE(C63," - ","-")))) -> MERU | N63: =IF(A63="","",IFERROR(INDEX('Cluster Map'!$A$4:$A$38,MATCH(M63,'Cluster Map'!$B$4:$B$38,0)),"Unmapped")) -> Cluster 1 | O63: =IF(A63="",0,IF(COUNTIFS($A$2:A63,A63,$F$2:F63,F63,$L$2:L63,L63)=1,1,0)) -> 1 | P63: =IF(A63="",0,IF(AND(F63="C&T",COUNTIFS($A$2:A63,A63,$F$2:F63,"C&T")=1),1,0)) -> 1
A64: =IFERROR(IF(INDEX(SPOT_Import!$A$1:$Z$2488,64,'Live Data'!$C$12)="","",INDEX(SPOT_Import!$A$1:$Z$2488,64,'Live Data'!$C$12)),"") -> 11973 | B64: =IFERROR(IF(INDEX(SPOT_Import!$A$1:$Z$2488,64,'Live Data'!$C$13)="","",INDEX(SPOT_Import!$A$1:$Z$2488,64,'Live Data'!$C$13)),"") -> Chuka County Refferal Hospital | C64: =IFERROR(IF(INDEX(SPOT_Import!$A$1:$Z$2488,64,'Live Data'!$C$14)="","",INDEX(SPOT_Import!$A$1:$Z$2488,64,'Live Data'!$C$14)),"") -> THARAKA-NITHI | D64: =IFERROR(IF(INDEX(SPOT_Import!$A$1:$Z$2488,64,'Live Data'!$C$15)="","",INDEX(SPOT_Import!$A$1:$Z$2488,64,'Live Data'!$C$15)),"") -> Chuka | E64: =IFERROR(IF(INDEX(SPOT_Import!$A$1:$Z$2488,64,'Live Data'!$C$16)="","",INDEX(SPOT_Import!$A$1:$Z$2488,64,'Live Data'!$C$16)),"") -> USAID Jamii Tekelezi | F64: =IFERROR(IF(INDEX(SPOT_Import!$A$1:$Z$2488,64,'Live Data'!$C$17)="","",INDEX(SPOT_Import!$A$1:$Z$2488,64,'Live Data'!$C$17)),"") -> MNCH | G64: =IFERROR(IF(INDEX(SPOT_Import!$A$1:$Z$2488,64,'Live Data'!$C$18)="","",INDEX(SPOT_Import!$A$1:$Z$2488,64,'Live Data'!$C$18)),"") -> 227 | H64: =IFERROR(IF(INDEX(SPOT_Import!$A$1:$Z$2488,64,'Live Data'!$C$19)="","",INDEX(SPOT_Import!$A$1:$Z$2488,64,'Live Data'!$C$19)),"") -> 227 | I64: =IFERROR(IF(INDEX(SPOT_Import!$A$1:$Z$2488,64,'Live Data'!$C$20)="","",INDEX(SPOT_Import!$A$1:$Z$2488,64,'Live Data'!$C$20)),"") -> Complete | J64: =IFERROR(IF(INDEX(SPOT_Import!$A$1:$Z$2488,64,'Live Data'!$C$21)="","",INDEX(SPOT_Import!$A$1:$Z$2488,64,'Live Data'!$C$21)),"") -> 2026-10-09T13:31:37.000Z | K64: =IFERROR(IF(INDEX(SPOT_Import!$A$1:$Z$2488,64,'Live Data'!$C$22)="","",INDEX(SPOT_Import!$A$1:$Z$2488,64,'Live Data'!$C$22)),"") -> 2026-10-09T13:31:37.000Z | L64: =IF(A64="","",IF(ISNUMBER(K64),TEXT(K64,"yyyy-mm"),LEFT(K64,7))) -> 2026-10 | M64: =IF(A64="","",UPPER(TRIM(SUBSTITUTE(C64," - ","-")))) -> THARAKA-NITHI | N64: =IF(A64="","",IFERROR(INDEX('Cluster Map'!$A$4:$A$38,MATCH(M64,'Cluster Map'!$B$4:$B$38,0)),"Unmapped")) -> Cluster 2 | O64: =IF(A64="",0,IF(COUNTIFS($A$2:A64,A64,$F$2:F64,F64,$L$2:L64,L64)=1,1,0)) -> 1 | P64: =IF(A64="",0,IF(AND(F64="C&T",COUNTIFS($A$2:A64,A64,$F$2:F64,"C&T")=1),1,0)) -> 0
A65: =IFERROR(IF(INDEX(SPOT_Import!$A$1:$Z$2488,65,'Live Data'!$C$12)="","",INDEX(SPOT_Import!$A$1:$Z$2488,65,'Live Data'!$C$12)),"") -> 12036 | B65: =IFERROR(IF(INDEX(SPOT_Import!$A$1:$Z$2488,65,'Live Data'!$C$13)="","",INDEX(SPOT_Import!$A$1:$Z$2488,65,'Live Data'!$C$13)),"") -> Giaki Sub-District Hospital | C65: =IFERROR(IF(INDEX(SPOT_Import!$A$1:$Z$2488,65,'Live Data'!$C$14)="","",INDEX(SPOT_Import!$A$1:$Z$2488,65,'Live Data'!$C$14)),"") -> MERU | D65: =IFERROR(IF(INDEX(SPOT_Import!$A$1:$Z$2488,65,'Live Data'!$C$15)="","",INDEX(SPOT_Import!$A$1:$Z$2488,65,'Live Data'!$C$15)),"") -> Imenti North | E65: =IFERROR(IF(INDEX(SPOT_Import!$A$1:$Z$2488,65,'Live Data'!$C$16)="","",INDEX(SPOT_Import!$A$1:$Z$2488,65,'Live Data'!$C$16)),"") -> USAID Jamii Tekelezi | F65: =IFERROR(IF(INDEX(SPOT_Import!$A$1:$Z$2488,65,'Live Data'!$C$17)="","",INDEX(SPOT_Import!$A$1:$Z$2488,65,'Live Data'!$C$17)),"") -> PREP | G65: =IFERROR(IF(INDEX(SPOT_Import!$A$1:$Z$2488,65,'Live Data'!$C$18)="","",INDEX(SPOT_Import!$A$1:$Z$2488,65,'Live Data'!$C$18)),"") -> 10 | H65: =IFERROR(IF(INDEX(SPOT_Import!$A$1:$Z$2488,65,'Live Data'!$C$19)="","",INDEX(SPOT_Import!$A$1:$Z$2488,65,'Live Data'!$C$19)),"") -> 10 | I65: =IFERROR(IF(INDEX(SPOT_Import!$A$1:$Z$2488,65,'Live Data'!$C$20)="","",INDEX(SPOT_Import!$A$1:$Z$2488,65,'Live Data'!$C$20)),"") -> Complete | J65: =IFERROR(IF(INDEX(SPOT_Import!$A$1:$Z$2488,65,'Live Data'!$C$21)="","",INDEX(SPOT_Import!$A$1:$Z$2488,65,'Live Data'!$C$21)),"") -> 2026-10-09T13:05:57.000Z | K65: =IFERROR(IF(INDEX(SPOT_Import!$A$1:$Z$2488,65,'Live Data'!$C$22)="","",INDEX(SPOT_Import!$A$1:$Z$2488,65,'Live Data'!$C$22)),"") -> 2026-10-09T13:05:57.000Z | L65: =IF(A65="","",IF(ISNUMBER(K65),TEXT(K65,"yyyy-mm"),LEFT(K65,7))) -> 2026-10 | M65: =IF(A65="","",UPPER(TRIM(SUBSTITUTE(C65," - ","-")))) -> MERU | N65: =IF(A65="","",IFERROR(INDEX('Cluster Map'!$A$4:$A$38,MATCH(M65,'Cluster Map'!$B$4:$B$38,0)),"Unmapped")) -> Cluster 1 | O65: =IF(A65="",0,IF(COUNTIFS($A$2:A65,A65,$F$2:F65,F65,$L$2:L65,L65)=1,1,0)) -> 1 | P65: =IF(A65="",0,IF(AND(F65="C&T",COUNTIFS($A$2:A65,A65,$F$2:F65,"C&T")=1),1,0)) -> 0
A66: =IFERROR(IF(INDEX(SPOT_Import!$A$1:$Z$2488,66,'Live Data'!$C$12)="","",INDEX(SPOT_Import!$A$1:$Z$2488,66,'Live Data'!$C$12)),"") -> 12036 | B66: =IFERROR(IF(INDEX(SPOT_Import!$A$1:$Z$2488,66,'Live Data'!$C$13)="","",INDEX(SPOT_Import!$A$1:$Z$2488,66,'Live Data'!$C$13)),"") -> Giaki Sub-District Hospital | C66: =IFERROR(IF(INDEX(SPOT_Import!$A$1:$Z$2488,66,'Live Data'!$C$14)="","",INDEX(SPOT_Import!$A$1:$Z$2488,66,'Live Data'!$C$14)),"") -> MERU | D66: =IFERROR(IF(INDEX(SPOT_Import!$A$1:$Z$2488,66,'Live Data'!$C$15)="","",INDEX(SPOT_Import!$A$1:$Z$2488,66,'Live Data'!$C$15)),"") -> Imenti North | E66: =IFERROR(IF(INDEX(SPOT_Import!$A$1:$Z$2488,66,'Live Data'!$C$16)="","",INDEX(SPOT_Import!$A$1:$Z$2488,66,'Live Data'!$C$16)),"") -> USAID Jamii Tekelezi | F66: =IFERROR(IF(INDEX(SPOT_Import!$A$1:$Z$2488,66,'Live Data'!$C$17)="","",INDEX(SPOT_Import!$A$1:$Z$2488,66,'Live Data'!$C$17)),"") -> MNCH | G66: =IFERROR(IF(INDEX(SPOT_Import!$A$1:$Z$2488,66,'Live Data'!$C$18)="","",INDEX(SPOT_Import!$A$1:$Z$2488,66,'Live Data'!$C$18)),"") -> 12 | H66: =IFERROR(IF(INDEX(SPOT_Import!$A$1:$Z$2488,66,'Live Data'!$C$19)="","",INDEX(SPOT_Import!$A$1:$Z$2488,66,'Live Data'!$C$19)),"") -> 12 | I66: =IFERROR(IF(INDEX(SPOT_Import!$A$1:$Z$2488,66,'Live Data'!$C$20)="","",INDEX(SPOT_Import!$A$1:$Z$2488,66,'Live Data'!$C$20)),"") -> Complete | J66: =IFERROR(IF(INDEX(SPOT_Import!$A$1:$Z$2488,66,'Live Data'!$C$21)="","",INDEX(SPOT_Import!$A$1:$Z$2488,66,'Live Data'!$C$21)),"") -> 2026-10-09T13:05:30.000Z | K66: =IFERROR(IF(INDEX(SPOT_Import!$A$1:$Z$2488,66,'Live Data'!$C$22)="","",INDEX(SPOT_Import!$A$1:$Z$2488,66,'Live Data'!$C$22)),"") -> 2026-10-09T13:05:30.000Z | L66: =IF(A66="","",IF(ISNUMBER(K66),TEXT(K66,"yyyy-mm"),LEFT(K66,7))) -> 2026-10 | M66: =IF(A66="","",UPPER(TRIM(SUBSTITUTE(C66," - ","-")))) -> MERU | N66: =IF(A66="","",IFERROR(INDEX('Cluster Map'!$A$4:$A$38,MATCH(M66,'Cluster Map'!$B$4:$B$38,0)),"Unmapped")) -> Cluster 1 | O66: =IF(A66="",0,IF(COUNTIFS($A$2:A66,A66,$F$2:F66,F66,$L$2:L66,L66)=1,1,0)) -> 1 | P66: =IF(A66="",0,IF(AND(F66="C&T",COUNTIFS($A$2:A66,A66,$F$2:F66,"C&T")=1),1,0)) -> 0
A67: =IFERROR(IF(INDEX(SPOT_Import!$A$1:$Z$2488,67,'Live Data'!$C$12)="","",INDEX(SPOT_Import!$A$1:$Z$2488,67,'Live Data'!$C$12)),"") -> 12036 | B67: =IFERROR(IF(INDEX(SPOT_Import!$A$1:$Z$2488,67,'Live Data'!$C$13)="","",INDEX(SPOT_Import!$A$1:$Z$2488,67,'Live Data'!$C$13)),"") -> Giaki Sub-District Hospital | C67: =IFERROR(IF(INDEX(SPOT_Import!$A$1:$Z$2488,67,'Live Data'!$C$14)="","",INDEX(SPOT_Import!$A$1:$Z$2488,67,'Live Data'!$C$14)),"") -> MERU | D67: =IFERROR(IF(INDEX(SPOT_Import!$A$1:$Z$2488,67,'Live Data'!$C$15)="","",INDEX(SPOT_Import!$A$1:$Z$2488,67,'Live Data'!$C$15)),"") -> Imenti North | E67: =IFERROR(IF(INDEX(SPOT_Import!$A$1:$Z$2488,67,'Live Data'!$C$16)="","",INDEX(SPOT_Import!$A$1:$Z$2488,67,'Live Data'!$C$16)),"") -> USAID Jamii Tekelezi | F67: =IFERROR(IF(INDEX(SPOT_Import!$A$1:$Z$2488,67,'Live Data'!$C$17)="","",INDEX(SPOT_Import!$A$1:$Z$2488,67,'Live Data'!$C$17)),"") -> HTS | G67: =IFERROR(IF(INDEX(SPOT_Import!$A$1:$Z$2488,67,'Live Data'!$C$18)="","",INDEX(SPOT_Import!$A$1:$Z$2488,67,'Live Data'!$C$18)),"") -> 1077 | H67: =IFERROR(IF(INDEX(SPOT_Import!$A$1:$Z$2488,67,'Live Data'!$C$19)="","",INDEX(SPOT_Import!$A$1:$Z$2488,67,'Live Data'!$C$19)),"") -> 1077 | I67: =IFERROR(IF(INDEX(SPOT_Import!$A$1:$Z$2488,67,'Live Data'!$C$20)="","",INDEX(SPOT_Import!$A$1:$Z$2488,67,'Live Data'!$C$20)),"") -> Complete | J67: =IFERROR(IF(INDEX(SPOT_Import!$A$1:$Z$2488,67,'Live Data'!$C$21)="","",INDEX(SPOT_Import!$A$1:$Z$2488,67,'Live Data'!$C$21)),"") -> 2026-10-09T13:05:04.000Z | K67: =IFERROR(IF(INDEX(SPOT_Import!$A$1:$Z$2488,67,'Live Data'!$C$22)="","",INDEX(SPOT_Import!$A$1:$Z$2488,67,'Live Data'!$C$22)),"") -> 2026-10-09T13:05:04.000Z | L67: =IF(A67="","",IF(ISNUMBER(K67),TEXT(K67,"yyyy-mm"),LEFT(K67,7))) -> 2026-10 | M67: =IF(A67="","",UPPER(TRIM(SUBSTITUTE(C67," - ","-")))) -> MERU | N67: =IF(A67="","",IFERROR(INDEX('Cluster Map'!$A$4:$A$38,MATCH(M67,'Cluster Map'!$B$4:$B$38,0)),"Unmapped")) -> Cluster 1 | O67: =IF(A67="",0,IF(COUNTIFS($A$2:A67,A67,$F$2:F67,F67,$L$2:L67,L67)=1,1,0)) -> 1 | P67: =IF(A67="",0,IF(AND(F67="C&T",COUNTIFS($A$2:A67,A67,$F$2:F67,"C&T")=1),1,0)) -> 0
